SampleID	BadenID	CollectionDate	year	individualID	age	sex	monthnum	monthname	barcode	linkerPrimerSequence	batch	season	min_temp_30_day	total_rainfall_30_day
#q2:types	categorical	categorical	numeric	categorical	categorical	categorical	numeric	categorical	categorical	categorical	categorical	categorical	numeric	numeric
110-ry199-VVAR-MAD-21AB	199	29-Mar-19	2019	rYELLOW	AD	F	3	MARCH	GTCTGATACG	GTGYCAGCMGCCGCGGTAA	batch4	nonbreeding	17.45	402.2
111-rST272-VVAR-MAD-21AB	272	19-Sep-18	2018	rSILVER-TEAL	AD	F	9	SEPTEMBER	ACTAGCTGTC	GTGYCAGCMGCCGCGGTAA	batch4	gestation	11.48	84.4
112-r0276-VVAR-MAD-21AB	276	17-Sep-18	2018	rORANGE	JUV	M	9	SEPTEMBER	GCGTAGACGA	GTGYCAGCMGCCGCGGTAA	batch4	gestation	11.55	84.4
113-rB0282-VVAR-MAD-21AB	282	4-Sep-18	2018	rBLUE-ORANGE	AD	M	9	SEPTEMBER	CTCAGCAGTG	GTGYCAGCMGCCGCGGTAA	batch4	gestation	11	60.2
114-rOT287-VVAR-MAD-21AB	287	7-Sep-18	2018	rORANGE-TEAL	AD	F	9	SEPTEMBER	CAGTCTACAT	GTGYCAGCMGCCGCGGTAA	batch4	gestation	11	57.8
115-nG297-VVAR-MAD-21AB	297	10-Sep-18	2018	NO_COLLAR	UNK	UNK	9	SEPTEMBER	TACTGCAGCG	GTGYCAGCMGCCGCGGTAA	batch4	gestation	11.06	67.8
116-BR266-VVAR-MAD-21AB	266	22-Sep-18	2018	BLUE-RED	AD	F	9	SEPTEMBER	TACACAGTAG	GTGYCAGCMGCCGCGGTAA	batch4	gestation	11.42	85.8
117-cP294-VVAR-MAD-21AB	294	11-Sep-18	2018	rPURPLE	AD	M	9	SEPTEMBER	CACATACAGT	GTGYCAGCMGCCGCGGTAA	batch4	nonbreeding	11.19	72.2
118-BKB292-VVAR-MAD-21AB	292	11-Sep-18	2018	BLACK-BLUE	JUV	M	9	SEPTEMBER	CACAGTGATG	GTGYCAGCMGCCGCGGTAA	batch4	gestation	11.19	72.2
119-rP290-VVAR-MAD-21AB	290	6-Sep-18	2018	rRED	JUV	F	9	SEPTEMBER	CGAGCTAGCA	GTGYCAGCMGCCGCGGTAA	batch4	gestation	11	57.8
121-rYY289-VVAR-MAD-21AB	289	7-Sep-18	2018	rYELLOW-YELLOW	AD	M	9	SEPTEMBER	CAGAGCTAGT	GTGYCAGCMGCCGCGGTAA	batch4	gestation	11	57.8
122-rT283-VVAR-MAD-21AB	283	7-Sep-18	2018	rTEAL	AD	M	9	SEPTEMBER	CGCAGAGCAT	GTGYCAGCMGCCGCGGTAA	batch4	gestation	11	57.8
123-rYY298-VVAR-MAD-21AB	298	12-Sep-18	2018	rYELLOW	AD	F	9	SEPTEMBER	TGTACAGCGA	GTGYCAGCMGCCGCGGTAA	batch4	gestation	11.23	86.8
124-rOP303-VVAR-MAD-21AB	303	14-Sep-18	2018	rORANGE-PINK	JUV	M	9	SEPTEMBER	ACGTCAGTAT	GTGYCAGCMGCCGCGGTAA	batch4	gestation	11.16	87.8
125-r0307-VVAR-MAD-21AB	307	19-Sep-18	2018	rORANGE	JUV	M	9	SEPTEMBER	TCACAGCATA	GTGYCAGCMGCCGCGGTAA	batch4	gestation	11.48	84.4
126-BB288-VVAR-MAD-21AB	288	7-Sep-18	2018	BLUE-BLUE	AD	M	9	SEPTEMBER	ACTGCGTGTC	GTGYCAGCMGCCGCGGTAA	batch4	gestation	11	57.8
127-GPK295-VVAR-MAD-21AB	295	12-Sep-18	2018	GREEN-PURPLE	JUV	M	9	SEPTEMBER	CGATCGACTG	GTGYCAGCMGCCGCGGTAA	batch4	gestation	11.23	86.8
128-JUV302-VVAR-MAD-21AB	302	14-Sep-18	2018	JUV	UNK	UNK	9	SEPTEMBER	GCGAGATGTA	GTGYCAGCMGCCGCGGTAA	batch4	gestation	11.16	87.8
129-B0208-VVAR-MAD-21AB	208	16-Apr-19	2019	BLACK-ORANGE	JUV	M	4	APRIL	CTGATGCAGA	GTGYCAGCMGCCGCGGTAA	batch4	nonbreeding	17.39	229.4
130-rBY222-VVAR-MAD-21AB	222	19-Apr-19	2019	rBLUE-GREEN	AD	M	4	APRIL	GTGACGTACG	GTGYCAGCMGCCGCGGTAA	batch4	nonbreeding	17.55	234.8
131-rG300-VVAR-MAD-21AB	300	13-Sep-18	2018	rGREEN	JUV	F	9	SEPTEMBER	CGACGCTGAT	GTGYCAGCMGCCGCGGTAA	batch4	gestation	11.23	86.8
132-rYT308-VVAR-MAD-21AB	308	20-Sep-18	2018	rYELLOW-TEAL	JUV	F	9	SEPTEMBER	CTACGATCAG	GTGYCAGCMGCCGCGGTAA	batch4	gestation	11.42	84.4
134-GP180-VVAR-MAD-21AB	180	8-Mar-19	2019	GREEN-PURPLE	JUV	M	3	MARCH	CTAGCAGATG	GTGYCAGCMGCCGCGGTAA	batch4	nonbreeding	17.68	406
137-R0193-VVAR-MAD-21AB	193	29-Mar-19	2019	rORANGE	JUV	M	3	MARCH	ACGTATCATC	GTGYCAGCMGCCGCGGTAA	batch4	nonbreeding	17.45	402.2
138-NC196-VVAR-MAD-21AB	196	23-Mar-19	2019	NO_COLLAR	UNK	UNK	3	MARCH	AGTATCGTAC	GTGYCAGCMGCCGCGGTAA	batch4	nonbreeding	17.45	434.6
139-Rr187-VVAR-MAD-21AB	187	22-Mar-19	2019	rRED	JUV	F	3	MARCH	GATACACTGA	GTGYCAGCMGCCGCGGTAA	batch4	nonbreeding	17.45	456.4
140-rPC186-VVAR-MAD-21AB	186	25-Mar-19	2019	rPURPLE-ORANGE	AD	M	3	MARCH	GACTAGTCAG	GTGYCAGCMGCCGCGGTAA	batch4	nonbreeding	17.48	462.4
141-r0T185-VVAR-MAD-21AB	185	27-Mar-19	2019	rORANGE-TEAL	AD	F	3	MARCH	GATGACTACG	GTGYCAGCMGCCGCGGTAA	batch4	nonbreeding	17.42	449.6
142-rYY200-VVAR-MAD-21AB	200	21-Mar-19	2019	rYELLOW-YELLOW	AD	M	3	MARCH	CAGAGAGTCA	GTGYCAGCMGCCGCGGTAA	batch4	nonbreeding	17.48	451
143-redye1165-VVAR-MAD-21AB	165	6-Mar-19	2019	rRED-YELLOW	AD	M	3	MARCH	TCGATCGACA	GTGYCAGCMGCCGCGGTAA	batch4	nonbreeding	17.68	390
144-BB191-VVAR-MAD-21AB	191	21-Mar-19	2019	BLUE-BLUE	AD	M	3	MARCH	ACTGATGTAG	GTGYCAGCMGCCGCGGTAA	batch4	nonbreeding	17.48	451
145-rYT188-VVAR-MAD-21AB	188	22-Mar-19	2019	rYELLOW-TEAL	JUV	F	3	MARCH	ACTCGATAGT	GTGYCAGCMGCCGCGGTAA	batch4	nonbreeding	17.45	456.4
146-NC166-VVAR-MAD-21AB	166	1-Mar-19	2019	NO_COLLAR	UNK	UNK	3	MARCH	GACGATCGCA	GTGYCAGCMGCCGCGGTAA	batch4	nonbreeding	17.65	457
147-rR0192-VVAR-MAD-21AB	192	23-Mar-19	2019	rBLUE-ORANGE	AD	M	3	MARCH	TCATCATGCG	GTGYCAGCMGCCGCGGTAA	batch4	nonbreeding	17.45	434.6
148-pK428-VVAR-MAD-21AB	428	12-Jul-19	2019	rPURPLE-PINK	JUV	M	7	JULY	ACATGTCTGA	GTGYCAGCMGCCGCGGTAA	batch4	lactation	11.81	406
149-rYY424-VVAR-MAD-21AB	424	11-Jul-19	2019	rYELLOW-YELLOW	AD	M	7	JULY	AGTCATCGCA	GTGYCAGCMGCCGCGGTAA	batch4	gestation	11.84	430.4
150-rOG332-VVAR-MAD-21AB	332	10-May-19	2019	rORANGE-GREEN	AD	F	5	MAY	TAGCATACAG	GTGYCAGCMGCCGCGGTAA	batch4	nonbreeding	16.39	214
151-rYY255-VVAR-MAD-21AB	255	24-Aug-18	2018	rYELLOW-YELLOW	AD	M	8	AUGUST	AGAGTCGCGT	GTGYCAGCMGCCGCGGTAA	batch4	gestation	11.23	59.8
152-rR251-VVAR-MAD-21AB	251	23-Aug-18	2018	rRED	JUV	F	8	AUGUST	TCTACGACAT	GTGYCAGCMGCCGCGGTAA	batch4	gestation	11.26	96.4
153-B0239-VVAR-MAD-21AB	239	17-Aug-18	2018	BLACK-ORANGE	JUV	M	8	AUGUST	CACGCGATGA	GTGYCAGCMGCCGCGGTAA	batch3	gestation	10.97	215.6
154-rS252-VVAR-MAD-21AB	252	23-Aug-18	2018	rSILVER	JUV	F	8	AUGUST	ACGCACATAT	GTGYCAGCMGCCGCGGTAA	batch4	gestation	11.26	96.4
51-VVAR-MADA-18-NM-42	243	3-Jul-18	2018	rGREEN-PINK	JUV	F	7	JULY	TCATCATGCG	GTGYCAGCMGCCGCGGTAA	batch2	gestation	12.42	110.4
52-VVAR-MADA-18-NM-68	241	29-Jun-18	2018	rPURPLE-YELLOW	JUV	F	6	JUNE	ACATGTCTGA	GTGYCAGCMGCCGCGGTAA	batch2	gestation	12.65	114
53-VVAR-MADA-18-NM-70	226	11-Jun-18	2018	rSILVER	JUV	F	6	JUNE	AGTCATCGCA	GTGYCAGCMGCCGCGGTAA	batch2	gestation	13.29	87.2
55-VVAR-MADA-18-AB-98	98	13-Apr-18	2018	rGREEN	JUV	F	4	APRIL	AGAGTCGCGT	GTGYCAGCMGCCGCGGTAA	batch2	nonbreeding	17.65	598.8
56-VVAR-MADA-18-AB-99	99	3-Apr-18	2018	rSILVER-PINK	AD	F	4	APRIL	TCTACGACAT	GTGYCAGCMGCCGCGGTAA	batch2	nonbreeding	17.55	484.8
57-VVAR-MADA-18-AB-100	100	27-Mar-18	2018	rRED-YELLOW	AD	M	3	MARCH	CACGAGATGA	GTGYCAGCMGCCGCGGTAA	batch2	nonbreeding	18.03	516
58-VVAR-MADA-18-AB-101	101	28-Mar-18	2018	rBLUE-PINK	AD	F	3	MARCH	ACACACATAT	GTGYCAGCMGCCGCGGTAA	batch2	nonbreeding	18.03	510.2
59-VVAR-MADA-18-AB-104	104	10-Apr-18	2018	rBLUE	AD	F	4	APRIL	ACGTGCTATG	GTGYCAGCMGCCGCGGTAA	batch2	nonbreeding	17.97	563.4
60-VVAR-MADA-18-AB-105	105	4-Apr-18	2018	rSILVER	JUV	F	4	APRIL	ACGATCACAT	GTGYCAGCMGCCGCGGTAA	batch2	nonbreeding	17.52	465.2
61-VVAR-MADA-18-AB-107	107	29-Mar-18	2018	rYELLOW	AD	F	3	MARCH	AGTGTACTCA	GTGYCAGCMGCCGCGGTAA	batch2	nonbreeding	17.97	510.2
62-VVAR-MADA-18-AB-111	111	2-Apr-18	2018	rYELLOW-YELLOW	AD	M	4	APRIL	TGATGTATGT	GTGYCAGCMGCCGCGGTAA	batch2	nonbreeding	17.61	522.8
63-VVAR-MADA-18-AB-114	114	12-Apr-18	2018	rRED	JUV	F	4	APRIL	GATATATTTC	GTGYCAGCMGCCGCGGTAA	batch2	nonbreeding	17.74	598.8
64-VVAR-MADA-18-AB-115	115	3-Apr-18	2018	rGREEN-PINK	JUV	F	4	APRIL	TAGTACTAGA	GTGYCAGCMGCCGCGGTAA	batch2	nonbreeding	17.55	484.8
65-VVAR-MADA-18-AB-119	119	4-Apr-18	2018	rPURPLE-YELLOW	JUV	F	4	APRIL	TATAGAGATC	GTGYCAGCMGCCGCGGTAA	batch2	nonbreeding	17.52	465.2
66-VVAR-MADA-18-AB-123	123	13-Apr-18	2018	rGREEN	JUV	F	4	APRIL	TCGATATCTA	GTGYCAGCMGCCGCGGTAA	batch2	nonbreeding	17.65	598.8
67-VVAR-MADA-18-AB-129	129	7-Apr-18	2018	rORANGE	JUV	M	4	APRIL	TCGATATCTA	GTGYCAGCMGCCGCGGTAA	batch2	nonbreeding	17.55	414.8
68-VVAR-MADA-18-AB-130	130	11-Apr-18	2018	rPURPLE	AD	M	4	APRIL	TGAGATCATA	GTGYCAGCMGCCGCGGTAA	batch2	nonbreeding	17.84	598.8
69-VVAR-MADA-18-AB-182	182	11-May-18	2018	rBLUE-YELLOW	AD	F	5	MAY	CTACATACTA	GTGYCAGCMGCCGCGGTAA	batch2	nonbreeding	15.48	236
71-VVAR-MADA-18-AB-167	167	17-May-18	2018	rBLUE	AD	F	5	MAY	ATCATATCTC	GTGYCAGCMGCCGCGGTAA	batch2	nonbreeding	15.45	141.8
72-VVAR-MADA-18-AB-185	185	16-May-18	2018	rORANGE-PINK	JUV	M	5	MAY	AGTAGATCAT	GTGYCAGCMGCCGCGGTAA	batch2	nonbreeding	15.52	165.8
73-VVAR-MADA-18-AB-5	5	22-Feb-18	2018	rGREEN	JUV	F	2	FEBRUARY	ACATAGTATC	GTGYCAGCMGCCGCGGTAA	batch2	nonbreeding	17.71	662
74-VVAR-MADA-18-AB-6	6	23-Feb-18	2018	rYELLOW	AD	F	2	FEBRUARY	ATGTATAGTC	GTGYCAGCMGCCGCGGTAA	batch2	nonbreeding	17.68	597
75-VVAR-MADA-18-AB-16	16	22-Feb-18	2018	rRED-YELLOW	AD	M	2	FEBRUARY	ACAGTCATAT	GTGYCAGCMGCCGCGGTAA	batch2	nonbreeding	17.71	662
76-VVAR-MADA-18-AB-27	27	21-Feb-18	2018	rBLUE-YELLOW	AD	F	2	FEBRUARY	ACATATACGT	GTGYCAGCMGCCGCGGTAA	batch2	nonbreeding	17.65	631.2
77-VVAR-MADA-18-AB-73	73	7-Feb-18	2018	rORANGE-PINK	JUV	M	2	FEBRUARY	AGCATCTATA	GTGYCAGCMGCCGCGGTAA	batch2	nonbreeding	17.13	680
78-VVAR-MADA-18-AB-79	79	5-Feb-18	2018	rSILVER	JUV	F	2	FEBRUARY	AGACTATATC	GTGYCAGCMGCCGCGGTAA	batch2	nonbreeding	17.19	1093.8
79-VVAR-MADA-18-AB-284	284	7-Feb-18	2018	rBLUE	AD	F	2	FEBRUARY	CAGCATCTAG	GTGYCAGCMGCCGCGGTAA	batch2	nonbreeding	17.13	680
80-VVAR-MADA-18-AB-286	286	2-Feb-18	2018	rRED	JUV	F	2	FEBRUARY	CGAGACGACA	GTGYCAGCMGCCGCGGTAA	batch2	nonbreeding	17.19	1075.4
81-VVAR-MADA-18-AB-307	307	8-Feb-18	2018	rGREEN-PINK	JUV	F	2	FEBRUARY	ATCACTCATA	GTGYCAGCMGCCGCGGTAA	batch2	nonbreeding	17.1	503.8
82-VVAR-MADA-18-AB-42	42	19-Jan-18	2018	rSILVER	JUV	F	1	JANUARY	AGCTCTGTG	GTGYCAGCMGCCGCGGTAA	batch2	nonbreeding	17.48	1102.2
83-VVAR-MADA-18-AB-43	43	27-Jan-18	2018	rBLUE-PURPLE	AD	F	1	JANUARY	ATGTCATGCT	GTGYCAGCMGCCGCGGTAA	batch2	nonbreeding	17.13	1112.2
84-VVAR-MADA-18-AB-47	47	19-Jan-18	2018	rRED	JUV	F	1	JANUARY	GCTGACAGAG	GTGYCAGCMGCCGCGGTAA	batch2	nonbreeding	17.48	1102.2
85-VVAR-MADA-18-AB-50	50	30-Jan-18	2018	BLUE-RED	AD	F	1	JANUARY	ATACAGTCTC	GTGYCAGCMGCCGCGGTAA	batch2	nonbreeding	17.13	1063.6
86-VVAR-MADA-18-AB-52	52	18-Jan-18	2018	rSILVER-PINK	AD	F	1	JANUARY	CATAGACGTG	GTGYCAGCMGCCGCGGTAA	batch2	nonbreeding	17.55	1099
87-VVAR-MADA-18-AB-54	54	27-Jan-18	2018	rPURPLE	AD	M	1	JANUARY	AGAGATATCA	GTGYCAGCMGCCGCGGTAA	batch2	nonbreeding	17.13	1112.2
88-VVAR-MADA-18-AB-58	58	17-Jan-18	2018	rYELLOW	AD	F	1	JANUARY	ATGCTGCGCT	GTGYCAGCMGCCGCGGTAA	batch2	nonbreeding	17.55	1118
90-VVAR-MADA-18-AB-67	67	23-Jan-18	2018	rRED-YELLOW	AD	M	1	JANUARY	ACGATACACT	GTGYCAGCMGCCGCGGTAA	batch2	nonbreeding	17.29	1167.6
91-VVAR-MADA-18-AB-68	68	24-Jan-18	2018	rBLUE	AD	F	1	JANUARY	AGCGAGTATG	GTGYCAGCMGCCGCGGTAA	batch2	nonbreeding	17.26	1160.2
92-VVAR-MADA-18-AB-70	70	29-Jan-18	2018	BLUE-BLUE	AD	M	1	JANUARY	ATCGCTACAT	GTGYCAGCMGCCGCGGTAA	batch2	nonbreeding	17.13	1064.4
93-VVAR-MADA-18-AB-71	71	26-Jan-18	2018	rORANGE	JUV	M	1	JANUARY	ATGCTAGAGA	GTGYCAGCMGCCGCGGTAA	batch2	nonbreeding	17.23	1118.2
94-VVAR-MADA-18-AB-76	76	19-Jan-18	2018	rGREEN	JUV	F	1	JANUARY	AGCAGTACTC	GTGYCAGCMGCCGCGGTAA	batch2	nonbreeding	17.48	1102.2
95-VVAR-MADA-18-AB-77	77	22-Jan-18	2018	rGREEN-PINK	JUV	F	1	JANUARY	ATCTAGATCA	GTGYCAGCMGCCGCGGTAA	batch2	nonbreeding	17.29	1098.4
BB235-VVAR-MAD-20-AB	235	15-Aug-18	2018	BLUE-BLUE	AD	M	8	AUGUST	CAGTCTACAT	GTGYCAGCMGCCGCGGTAA	batch3	gestation	10.94	219.6
BB25-VVAR-MAD-20-AB	25	5-Oct-18	2018	BLUE-BLUE	AD	M	10	OCTOBER	CGAATGTATG	GTGYCAGCMGCCGCGGTAA	batch3	lactation	12.16	68.8
BB314-VVAR-MAD-20-AB	314	3-May-19	2019	BLUE-BLUE	AD	M	5	MAY	ACTGCGTGTC	GTGYCAGCMGCCGCGGTAA	batch3	nonbreeding	17	173
BB371-VVAR-MAD-20-AB	371	1-Jun-19	2019	BLACK-BLUE	JUV	M	6	JUNE	CCTGTGTAGA	GTGYCAGCMGCCGCGGTAA	batch3	gestation	14.71	240.2
BB434-VVAR-MAD-20-AB	434	24-Jul-19	2019	BLUE-BLUE	AD	M	7	JULY	ATCATATCTC	GTGYCAGCMGCCGCGGTAA	batch3	gestation	11.65	223.2
BB96-VVAR-MAD-20-AB	96	6-Dec-18	2018	BLUE-BLUE	AD	M	12	DECEMBER	TGCTACATCA	GTGYCAGCMGCCGCGGTAA	batch3	lactation	16.26	301.6
BKB456-VVAR-MAD-20-AB	456	2-Aug-19	2019	BLACK-BLUE	JUV	M	8	AUGUST	GGATAGGATC	GTGYCAGCMGCCGCGGTAA	batch3	gestation	10.81	123.8
BKO344-VVAR-MAD-20-AB	344	21-May-19	2019	BLACK-ORANGE	JUV	M	5	MAY	CATGCATCAT	GTGYCAGCMGCCGCGGTAA	batch3	nonbreeding	15.55	207.6
BKR112-VVAR-MAD-20-AB	112	19-Jan-19	2019	BLACK-RED	JUV	F	1	JANUARY	AATATGCTGC	GTGYCAGCMGCCGCGGTAA	batch3	nonbreeding	17.9	360
BO138-VVAR-MAD-20-AB	138	11-Feb-19	2019	BLACK-ORANGE	JUV	M	2	FEBRUARY	TTGTTGCTGT	GTGYCAGCMGCCGCGGTAA	batch3	nonbreeding	18.19	600.4
BO380-VVAR-MAD-20-AB	380	12-Jun-19	2019	rBLUE-ORANGE	AD	M	6	JUNE	GAAGTCAAGC	GTGYCAGCMGCCGCGGTAA	batch3	gestation	14.13	349.4
BR15-VVAR-MAD-20-AB	15	2-Oct-18	2018	BLUE-RED	AD	F	10	OCTOBER	GGCTGTGATC	GTGYCAGCMGCCGCGGTAA	batch3	lactation	11.94	38
BR258-VVAR-MAD-20-AB	258	26-Aug-18	2018	BLUE-RED	AD	F	8	AUGUST	CTCAGCAGTG	GTGYCAGCMGCCGCGGTAA	batch3	gestation	11.23	27
BR453-VVAR-MAD-20-AB	453	1-Aug-19	2019	BLUE-RED	AD	F	8	AUGUST	CTGACAAGTG	GTGYCAGCMGCCGCGGTAA	batch3	gestation	10.84	114.2
BR55-VVAR-MAD-20-AB	55	2-Nov-18	2018	BLUE-RED	AD	F	11	NOVEMBER	GTAATGGAGT	GTGYCAGCMGCCGCGGTAA	batch3	lactation	14	164.6
GO101-VVAR-MAD-20-AB	101	5-Dec-18	2018	rORANGE	JUV	M	12	DECEMBER	GACGTGCTTC	GTGYCAGCMGCCGCGGTAA	batch3	lactation	16.26	286.8
Gp345-VVAR-MAD-20-AB	345	21-May-19	2019	GREEN-PURPLE	JUV	M	5	MAY	TAGAGTCTGT	GTGYCAGCMGCCGCGGTAA	batch3	nonbreeding	15.55	207.6
GP421-VVAR-MAD-20-AB	421	10-Jul-19	2019	GREEN-PURPLE	JUV	M	7	JULY	TGATGTATGT	GTGYCAGCMGCCGCGGTAA	batch3	gestation	11.87	428.8
GP85-VVAR-MAD-20-AB	85	10-Dec-18	2018	rGREEN-PINK	JUV	F	12	DECEMBER	TAGCTTCACT	GTGYCAGCMGCCGCGGTAA	batch3	lactation	16.26	294.4
Gs237-VVAR-MAD-20-AB	237	16-Aug-18	2018	GREEN-SILVER	JUV	M	8	AUGUST	GCACGCGTAT	GTGYCAGCMGCCGCGGTAA	batch3	gestation	10.97	215.6
IST172-VVAR-MAD-20-AB	172	27-Feb-19	2019	rSILVER-TEAL	AD	F	2	FEBRUARY	GAGACCTCTA	GTGYCAGCMGCCGCGGTAA	batch3	nonbreeding	17.68	499.4
JUV232-VVAR-MAD-20-AB	232	14-Aug-18	2018	JUV	UNK	UNK	8	AUGUST	TGCGAGACGT	GTGYCAGCMGCCGCGGTAA	batch3	gestation	10.97	253.6
JUV62-VVAR-MAD-20-AB	62	31-Oct-18	2018	JUV	UNK	UNK	10	OCTOBER	GGTCAGTGTA	GTGYCAGCMGCCGCGGTAA	batch3	lactation	14.03	161.4
Katie222-RO65-VVAR-MAD-20-AB-S222	65	1-Nov-18	2018	rORANGE	JUV	M	11	NOVEMBER	CATCTGGAGT	GTGYCAGCMGCCGCGGTAA	batch4	lactation	14	165.6
Katie223-ROT67-VVAR-MAD-20-AB-S223	67	5-Nov-18	2018	rORANGE-TEAL	AD	F	11	NOVEMBER	GAATGGAAGA	GTGYCAGCMGCCGCGGTAA	batch4	lactation	14.29	132.8
Katie224-RYY69-VVAR-MAD-20-AB-S224	69	5-Nov-18	2018	rYELLOW-YELLOW	AD	M	11	NOVEMBER	GGCTGTGATC	GTGYCAGCMGCCGCGGTAA	batch4	lactation	14.29	132.8
Katie225-RYY119-VVAR-MAD-20-AB-S225	119	16-Jan-19	2019	rYELLOW-YELLOW	AD	M	1	JANUARY	TGGTGCTGGA	GTGYCAGCMGCCGCGGTAA	batch4	nonbreeding	17.81	367.4
Katie226-RPY122-VVAR-MAD-20-AB-S226	122	24-Jan-19	2019	rPURPLE-YELLOW	JUV	F	1	JANUARY	TATGGTAAGG	GTGYCAGCMGCCGCGGTAA	batch4	nonbreeding	18.32	597.6
Katie378-IT457-VVAR-MAD-20-AB-S378	457	3-Aug-19	2019	rTEAL	AD	M	8	AUGUST	ACAACGAACA	GTGYCAGCMGCCGCGGTAA	batch4	gestation	10.97	123.8
Mallott41-VVAR-MAD-17-AB-1	1	8-Dec-17	2017	BLUE-RED	AD	F	12	DECEMBER	GTATGAGCAC	GTGYCAGCMGCCGCGGTAA	batch1	lactation	16.42	528.6
Mallott42-VVAR-MAD-17-AB-2	2	6-Dec-17	2017	NO_COLLAR	UNK	UNK	12	DECEMBER	CGAGTGCTGT	GTGYCAGCMGCCGCGGTAA	batch1	lactation	16.32	534.8
Mallott43-VVAR-MAD-17-AB-3	3	6-Dec-17	2017	rBLUE	AD	F	12	DECEMBER	TATAGCACGC	GTGYCAGCMGCCGCGGTAA	batch1	lactation	16.32	534.8
Mallott44-VVAR-MAD-17-AB-4	4	9-Dec-17	2017	rBLUE-PINK	AD	F	12	DECEMBER	TCATGCGCGA	GTGYCAGCMGCCGCGGTAA	batch1	lactation	16.52	554.8
Mallott45-VVAR-MAD-17-AB-5	5	12-Dec-17	2017	rBLUE-YELLOW	AD	F	12	DECEMBER	TATGCGCTGC	GTGYCAGCMGCCGCGGTAA	batch1	lactation	16.71	613.4
Mallott46-VVAR-MAD-17-AB-6	6	1-Dec-17	2017	rGREEN-PINK	AD	F	12	DECEMBER	TCTCTGTGCA	GTGYCAGCMGCCGCGGTAA	batch1	lactation	15.9	558
Mallott47-VVAR-MAD-17-AB-7	7	7-Dec-17	2017	rORANGE	JUV	M	12	DECEMBER	CTATCGCGTG	GTGYCAGCMGCCGCGGTAA	batch1	lactation	16.39	530.2
Mallott48-VVAR-MAD-17-AB-8	8	17-Dec-17	2017	rORANGE-PINK	JUV	M	12	DECEMBER	TACGCTGCTG	GTGYCAGCMGCCGCGGTAA	batch1	lactation	16.74	610
Mallott49-VVAR-MAD-17-AB-9	9	5-Dec-17	2017	rPURPLE-YELLOW	JUV	F	12	DECEMBER	CTGCATGATC	GTGYCAGCMGCCGCGGTAA	batch1	lactation	16.23	534.6
Mallott50-VVAR-MAD-17-AB-10	10	20-Dec-17	2017	rRED	JUV	F	12	DECEMBER	CGCGTATCAT	GTGYCAGCMGCCGCGGTAA	batch1	lactation	16.68	563.4
Mallott51-VVAR-MAD-17-AB-11	11	14-Dec-17	2017	rRED-YELLOW	AD	M	12	DECEMBER	GTATCTCTCG	GTGYCAGCMGCCGCGGTAA	batch1	lactation	16.68	609.6
Mallott52-VVAR-MAD-17-AB-12	12	13-Dec-17	2017	rSILVER	JUV	F	12	DECEMBER	GCTCATATGC	GTGYCAGCMGCCGCGGTAA	batch1	lactation	16.68	609.8
Mallott53-VVAR-MAD-17-AB-14	14	7-Dec-17	2017	rYELLOW	AD	F	12	DECEMBER	CACTATGTCG	GTGYCAGCMGCCGCGGTAA	batch1	lactation	16.39	530.2
Mallott54-VVAR-MAD-17-AB-15	15	10-Dec-17	2017	rYELLOW-YELLOW	AD	M	12	DECEMBER	TAGCGCGTAG	GTGYCAGCMGCCGCGGTAA	batch1	lactation	16.52	582
Mallott55-VVAR-MAD-17-AB-16	16	10-Nov-17	2017	BLUE-BLUE	AD	M	11	NOVEMBER	CGTCACAGTA	GTGYCAGCMGCCGCGGTAA	batch1	lactation	15.52	172
Mallott56-VVAR-MAD-17-AB-17	17	11-Nov-17	2017	NO_COLLAR	UNK	UNK	11	NOVEMBER	TCGCGTGAGA	GTGYCAGCMGCCGCGGTAA	batch1	lactation	15.58	172
Mallott57-VVAR-MAD-17-AB-18	18	21-Nov-17	2017	rBLUE	AD	F	11	NOVEMBER	TACATCGCTG	GTGYCAGCMGCCGCGGTAA	batch1	lactation	15.84	275.2
Mallott58-VVAR-MAD-17-AB-19	19	14-Nov-17	2017	rBLUE-PINK	AD	F	11	NOVEMBER	GTGAGAGACA	GTGYCAGCMGCCGCGGTAA	batch1	lactation	15.84	178.4
Mallott59-VVAR-MAD-17-AB-20	20	2-Nov-17	2017	rBLUE-YELLOW	AD	F	11	NOVEMBER	GACTGTACGT	GTGYCAGCMGCCGCGGTAA	batch1	lactation	15.13	252.6
Mallott60-VVAR-MAD-17-AB-21	21	6-Nov-17	2017	rGREEN	JUV	F	11	NOVEMBER	GCACGTAGCT	GTGYCAGCMGCCGCGGTAA	batch1	lactation	15.03	244.2
Mallott61-VVAR-MAD-17-AB-22	22	7-Nov-17	2017	rGREEN-PINK	AD	F	11	NOVEMBER	TCACGCTATG	GTGYCAGCMGCCGCGGTAA	batch1	lactation	15.06	177
Mallott62-VVAR-MAD-17-AB-23	23	25-Nov-17	2017	rORANGE	JUV	M	11	NOVEMBER	CGTACTACGT	GTGYCAGCMGCCGCGGTAA	batch1	lactation	15.94	492.4
Mallott63-VVAR-MAD-17-AB-24	24	7-Nov-17	2017	rORANGE-PINK	JUV	M	11	NOVEMBER	CAGCTGAGTA	GTGYCAGCMGCCGCGGTAA	batch1	lactation	15.06	177
Mallott64-VVAR-MAD-17-AB-25	25	3-Nov-17	2017	rPURPLE	AD	M	11	NOVEMBER	GAGATCAGTC	GTGYCAGCMGCCGCGGTAA	batch1	lactation	15.1	265.6
Mallott65-VVAR-MAD-17-AB-26	26	23-Nov-17	2017	rPURPLE-YELLOW	JUV	F	11	NOVEMBER	TACTGAGCTG	GTGYCAGCMGCCGCGGTAA	batch1	lactation	15.84	444
Mallott66-VVAR-MAD-17-AB-427	27	6-Nov-17	2017	rRED	JUV	F	11	NOVEMBER	TAGTAGCGCG	GTGYCAGCMGCCGCGGTAA	batch1	lactation	15.03	244.2
Mallott67-VVAR-MAD-17-AB-28	28	15-Nov-17	2017	rRED-YELLOW	AD	M	11	NOVEMBER	GACGTCTGCT	GTGYCAGCMGCCGCGGTAA	batch1	lactation	15.84	181
Mallott68-VVAR-MAD-17-AB-29	29	1-Nov-17	2017	rSILVER	JUV	F	11	NOVEMBER	GTACTCGCGA	GTGYCAGCMGCCGCGGTAA	batch1	lactation	15.16	236.2
Mallott69-VVAR-MAD-17-AB-30	30	4-Nov-17	2017	rYELLOW	AD	F	11	NOVEMBER	TCTGAGCGCA	GTGYCAGCMGCCGCGGTAA	batch1	lactation	15.1	270
Mallott70-VVAR-MAD-17-AB-31	31	10-Nov-17	2017	rYELLOW-YELLOW	AD	M	11	NOVEMBER	TAGACGTGCT	GTGYCAGCMGCCGCGGTAA	batch1	lactation	15.52	172
Mallott71-VVAR-MAD-17-AB-35	35	10-Oct-17	2017	BLUE-BLUE	AD	M	10	OCTOBER	GTGACTCGTC	GTGYCAGCMGCCGCGGTAA	batch1	lactation	13.42	176.2
Mallott72-VVAR-MAD-17-AB-36	36	17-Oct-17	2017	NO_COLLAR	UNK	UNK	10	OCTOBER	TCGAGTAGCG	GTGYCAGCMGCCGCGGTAA	batch1	lactation	14.35	212.4
Mallott73-VVAR-MAD-17-AB-37	37	12-Oct-17	2017	NO_COLLAR	UNK	UNK	10	OCTOBER	CGTATGATGT	GTGYCAGCMGCCGCGGTAA	batch1	lactation	13.52	175.2
Mallott74-VVAR-MAD-17-AB-38	38	12-Oct-17	2017	rBLUE	AD	F	10	OCTOBER	TAGTCTGTCA	GTGYCAGCMGCCGCGGTAA	batch1	lactation	13.52	175.2
Mallott75-VVAR-MAD-17-AB-39	39	14-Oct-17	2017	rBLUE-PINK	AD	F	10	OCTOBER	TGTCTCTATC	GTGYCAGCMGCCGCGGTAA	batch1	lactation	13.68	196.6
Mallott76-VVAR-MAD-17-AB-40	40	19-Oct-17	2017	rBLUE-YELLOW	AD	F	10	OCTOBER	CTAGAGTATC	GTGYCAGCMGCCGCGGTAA	batch1	lactation	14.58	213.6
Mallott77-VVAR-MAD-17-AB-41	41	18-Oct-17	2017	rGREEN	JUV	F	10	OCTOBER	TATCATGTGC	GTGYCAGCMGCCGCGGTAA	batch1	lactation	14.48	214.4
Mallott78-VVAR-MAD-17-AB-42	42	5-Oct-17	2017	rGREEN-PINK	AD	F	10	OCTOBER	CATGAGTGTA	GTGYCAGCMGCCGCGGTAA	batch1	lactation	13.42	78.2
Mallott79-VVAR-MAD-17-AB-43	43	15-Oct-17	2017	rORANGE	JUV	M	10	OCTOBER	TGTCGTCATA	GTGYCAGCMGCCGCGGTAA	batch1	lactation	13.84	200.8
Mallott80-VVAR-MAD-17-AB-44	44	17-Oct-17	2017	rORANGE-PINK	JUV	M	10	OCTOBER	TATCTCATGC	GTGYCAGCMGCCGCGGTAA	batch1	lactation	14.35	212.4
Mallott81-VVAR-MAD-17-AB-45	45	4-Oct-17	2017	rPURPLE	AD	M	10	OCTOBER	TGTGTCACTA	GTGYCAGCMGCCGCGGTAA	batch1	lactation	13.29	78.2
Mallott82-VVAR-MAD-17-AB-46	46	14-Oct-17	2017	rPURPLE-YELLOW	JUV	F	10	OCTOBER	TATCGATGCT	GTGYCAGCMGCCGCGGTAA	batch1	lactation	13.68	196.6
Mallott83-VVAR-MAD-17-AB-47	47	18-Oct-17	2017	rRED	JUV	F	10	OCTOBER	TAGAGTCTGT	GTGYCAGCMGCCGCGGTAA	batch1	lactation	14.48	214.4
Mallott84-VVAR-MAD-17-AB-48	48	9-Oct-17	2017	rRED-YELLOW	AD	M	10	OCTOBER	CATGCATCAT	GTGYCAGCMGCCGCGGTAA	batch1	lactation	13.48	177.2
Mallott85-VVAR-MAD-17-AB-49	49	12-Oct-17	2017	rSILVER	JUV	F	10	OCTOBER	TGATCAGTCA	GTGYCAGCMGCCGCGGTAA	batch1	lactation	13.52	175.2
Mallott86-VVAR-MAD-17-AB-50	50	13-Oct-17	2017	rSILVER-PINK	AD	F	10	OCTOBER	CGTCTATGAT	GTGYCAGCMGCCGCGGTAA	batch1	lactation	13.55	196.6
Mallott87-VVAR-MAD-17-AB-51	51	15-Oct-17	2017	rYELLOW	AD	F	10	OCTOBER	GTGATACTGA	GTGYCAGCMGCCGCGGTAA	batch1	lactation	13.84	200.8
NC120-VVAR-MAD-20-AB	120	18-Jan-19	2019	NO_COLLAR	UNK	UNK	1	JANUARY	CTAGCAGATG	GTGYCAGCMGCCGCGGTAA	batch3	nonbreeding	17.84	362
NC156-VVAR-MAD-20-AB	156	5-Feb-19	2019	NO_COLLAR	UNK	UNK	2	FEBRUARY	TGCATGGAGC	GTGYCAGCMGCCGCGGTAA	batch3	nonbreeding	18.26	708.8
NC213-VVAR-MAD-20-AB	213	13-Apr-19	2019	NO_COLLAR	UNK	UNK	4	APRIL	CGTATGATGT	GTGYCAGCMGCCGCGGTAA	batch3	nonbreeding	17.45	238.4
NC230-VVAR-MAD-20-AB	230	28-Feb-19	2019	NO_COLLAR	UNK	UNK	2	FEBRUARY	ATGCTGCGCT	GTGYCAGCMGCCGCGGTAA	batch3	nonbreeding	17.61	485.6
NC35-VVAR-MAD-20-AB	35	4-Oct-18	2018	NO_COLLAR	UNK	UNK	10	OCTOBER	TGGAGCATGT	GTGYCAGCMGCCGCGGTAA	batch3	lactation	12.13	68.8
NC379-VVAR-MAD-20-AB	379	11-Jun-19	2019	NO_COLLAR	UNK	UNK	6	JUNE	GCACTGTTGC	GTGYCAGCMGCCGCGGTAA	batch3	lactation	14.26	300.6
NG384-VVAR-MAD-20-AB	384	12-Jun-19	2019	NO_COLLAR	UNK	UNK	6	JUNE	TATGGTAAGG	GTGYCAGCMGCCGCGGTAA	batch3	lactation	14.13	349.4
orange116-VVAR-MAD-20-AB	116	18-Jan-19	2019	rBLUE-ORANGE	AD	M	1	JANUARY	TATCATGTGC	GTGYCAGCMGCCGCGGTAA	batch3	nonbreeding	17.84	362
rB241-VVAR-MAD-20-AB	241	18-Aug-18	2018	rBLUE	AD	F	8	AUGUST	GAGACTATGC	GTGYCAGCMGCCGCGGTAA	batch3	lactation	11.03	202.2
rBG146-VVAR-MAD-20-AB	146	2-Feb-19	2019	rBLUE-GREEN	AD	M	2	FEBRUARY	GTATAACGCT	GTGYCAGCMGCCGCGGTAA	batch3	nonbreeding	18.26	686.6
RBG179-VVAR-MAD-20-AB	179	27-Feb-19	2019	rBLUE-GREEN	AD	M	2	FEBRUARY	AGCGAGTATG	GTGYCAGCMGCCGCGGTAA	batch3	nonbreeding	17.68	499.4
rBG195-VVAR-MAD-20-AB	195	28-Mar-19	2019	rBLUE-GREEN	AD	M	3	MARCH	TGCGTAGTCG	GTGYCAGCMGCCGCGGTAA	batch3	nonbreeding	17.42	455
rBG365-VVAR-MAD-20-AB	365	29-May-19	2019	rBLUE-GREEN	AD	M	5	MAY	TTCGAGCTAT	GTGYCAGCMGCCGCGGTAA	batch3	nonbreeding	14.97	253.6
rBG387-VVAR-MAD-20-AB	387	13-Jun-19	2019	rBLUE-GREEN	AD	M	6	JUNE	GTACTAAGAG	GTGYCAGCMGCCGCGGTAA	batch3	gestation	14.06	362.6
RBG435-VVAR-MAD-20-AB	435	24-Jul-19	2019	rBLUE-GREEN	AD	M	7	JULY	TATAGAGATC	GTGYCAGCMGCCGCGGTAA	batch3	gestation	11.65	223.2
rBO134-VVAR-MAD-20-AB	134	11-Feb-19	2019	rBLUE-ORANGE	AD	M	2	FEBRUARY	CCAAGAAGAA	GTGYCAGCMGCCGCGGTAA	batch3	nonbreeding	18.19	600.4
rBO225-VVAR-MAD-20-AB	225	18-Apr-19	2019	rBLUE-ORANGE	AD	M	4	APRIL	GTACTCGCGA	GTGYCAGCMGCCGCGGTAA	batch3	nonbreeding	17.45	229.8
rBO227-VVAR-MAD-20-AB	227	16-Apr-19	2019	rSILVER-PINK	AD	F	4	APRIL	GAGAGGACAT	GTGYCAGCMGCCGCGGTAA	batch3	nonbreeding	17.39	229.4
rBO228-VVAR-MAD-20-AB-1	228	28-Nov-18	2018	rBLUE-ORANGE	AD	M	11	NOVEMBER	TCTGAGCGCA	GTGYCAGCMGCCGCGGTAA	batch3	lactation	15.81	239.2
rBO228-VVAR-MAD-20-AB-2	228	28-Nov-18	2018	rBLUE-ORANGE	AD	M	11	NOVEMBER	CACTTGTGTG	GTGYCAGCMGCCGCGGTAA	batch3	lactation	15.81	239.2
rBO347-VVAR-MAD-20-AB	347	22-May-19	2019	rBLUE-ORANGE	AD	M	5	MAY	GTGATACTGA	GTGYCAGCMGCCGCGGTAA	batch3	nonbreeding	15.48	207.6
RBO418-VVAR-MAD-20-AB	418	9-Jul-19	2019	rBLUE-ORANGE	AD	M	7	JULY	ATACAGTCTC	GTGYCAGCMGCCGCGGTAA	batch3	gestation	11.94	428.4
rBP259-VVAR-MAD-20-AB	259	26-Aug-18	2018	rBLUE-PINK	AD	F	8	AUGUST	TACACAGTAG	GTGYCAGCMGCCGCGGTAA	batch3	gestation	11.23	27
rBP26-VVAR-MAD-20-AB	26	8-Oct-18	2018	rBLUE-PINK	AD	F	10	OCTOBER	GAATGGAAGA	GTGYCAGCMGCCGCGGTAA	batch3	lactation	12.42	68.8
rBPk114-VVAR-MAD-20-AB	114	19-Jan-19	2019	rBLUE-PINK	AD	F	1	JANUARY	CCAGAACAGA	GTGYCAGCMGCCGCGGTAA	batch3	nonbreeding	17.9	360
RBPK181-VVAR-MAD-20-AB	181	26-Feb-19	2019	rBLUE-PINK	AD	F	2	FEBRUARY	ACGATACACT	GTGYCAGCMGCCGCGGTAA	batch3	nonbreeding	17.74	410.2
rBpK340-VVAR-MAD-20-AB	340	12-May-19	2019	rBLUE-PINK	AD	F	5	MAY	TGTACAGCGA	GTGYCAGCMGCCGCGGTAA	batch3	nonbreeding	16.29	252.2
rBPK372-VVAR-MAD-20-AB	372	1-Jun-19	2019	rBLUE-PINK	AD	F	6	JUNE	GATAAGAAGG	GTGYCAGCMGCCGCGGTAA	batch3	gestation	14.71	240.2
rBPK426-VVAR-MAD-20-AB	426	11-Jul-19	2019	rBLUE-PINK	AD	F	7	JULY	CGAGACGACA	GTGYCAGCMGCCGCGGTAA	batch3	gestation	11.84	430.4
RBY109-VVAR-MAD-20-AB	109	24-Jan-19	2019	rBLUE-YELLOW	AD	F	1	JANUARY	AGTGGTGATC	GTGYCAGCMGCCGCGGTAA	batch3	nonbreeding	18.26	588.4
rBY161-VVAR-MAD-20-AB	161	28-Feb-19	2019	rBLUE-YELLOW	AD	F	2	FEBRUARY	AGGATTGAGG	GTGYCAGCMGCCGCGGTAA	batch3	nonbreeding	17.61	485.6
rBY183-VVAR-MAD-20-AB	183	25-Mar-19	2019	rBLUE-YELLOW	AD	F	3	MARCH	CTCTGGACGA	GTGYCAGCMGCCGCGGTAA	batch3	nonbreeding	17.48	462.4
rBY217-VVAR-MAD-20-AB	217	9-Apr-19	2019	rBLUE-YELLOW	AD	F	4	APRIL	GAGCACGGAA	GTGYCAGCMGCCGCGGTAA	batch3	nonbreeding	17.61	286.8
rBY236-VVAR-MAD-20-AB	236	16-Aug-18	2018	rBLUE-YELLOW	AD	F	8	AUGUST	TACTGCAGCG	GTGYCAGCMGCCGCGGTAA	batch3	gestation	10.97	215.6
rBY320-VVAR-MAD-20-AB	320	5-May-19	2019	rBLUE-YELLOW	AD	F	5	MAY	GCGAGATGTA	GTGYCAGCMGCCGCGGTAA	batch3	nonbreeding	16.81	169
red170-VVAR-MAD-20-AB	170	5-Mar-19	2019	BLACK-RED	JUV	F	3	MARCH	CATACCTGAT	GTGYCAGCMGCCGCGGTAA	batch3	nonbreeding	17.68	394.4
rG249-VVAR-MAD-20-AB	249	22-Aug-18	2018	rGREEN	JUV	F	8	AUGUST	CAGCTATAGC	GTGYCAGCMGCCGCGGTAA	batch3	gestation	11.32	105.2
rGB82-VVAR-MAD-20-AB	82	14-Dec-18	2018	rBLUE-GREEN	AD	M	12	DECEMBER	GTCTTGGCTC	GTGYCAGCMGCCGCGGTAA	batch3	lactation	16.45	434.4
rGP128-VVAR-MAD-20-AB	128	13-Feb-19	2019	rGREEN-PINK	JUV	F	2	FEBRUARY	TTCGATAGCA	GTGYCAGCMGCCGCGGTAA	batch3	nonbreeding	18.1	562.6
rGP12-VVAR-MAD-20-AB	12	9-Oct-18	2018	rGREEN-PINK	JUV	F	10	OCTOBER	GTTCTTCGTA	GTGYCAGCMGCCGCGGTAA	batch3	lactation	12.52	68.4
rGP202-VVAR-MAD-20-AB	202	15-Apr-19	2019	rGREEN-PINK	JUV	F	4	APRIL	TCACGCTATG	GTGYCAGCMGCCGCGGTAA	batch3	nonbreeding	17.35	235.8
rGP244-VVAR-MAD-20-AB	244	20-Aug-18	2018	rGREEN-PINK	JUV	F	8	AUGUST	ACTAGCTGTC	GTGYCAGCMGCCGCGGTAA	batch3	gestation	11.29	195.2
rGP304-VVAR-MAD-20-AB	304	14-Sep-18	2018	rGREEN-PINK	JUV	F	9	SEPTEMBER	TACATCGCTG	GTGYCAGCMGCCGCGGTAA	batch3	gestation	11.16	87.8
rGP325-VVAR-MAD-20-AB	325	6-May-19	2019	rGREEN-PINK	JUV	F	5	MAY	TGATACTCTG	GTGYCAGCMGCCGCGGTAA	batch3	nonbreeding	16.74	171.8
rGP386-VVAR-MAD-20-AB	386	13-Jun-19	2019	rGREEN-PINK	JUV	F	6	JUNE	TTCTGTTGCC	GTGYCAGCMGCCGCGGTAA	batch3	gestation	14.06	362.6
rGP39-VVAR-MAD-20-AB	39	11-Oct-18	2018	rGREEN-PINK	JUV	F	10	OCTOBER	TCGAATGTGC	GTGYCAGCMGCCGCGGTAA	batch3	lactation	12.71	93.6
rGP87-VVAR-MAD-20-AB	87	27-Dec-18	2018	rGREEN-PINK	JUV	F	12	DECEMBER	TCCTGACAGA	GTGYCAGCMGCCGCGGTAA	batch3	lactation	16.94	344.6
RGPK416-VVAR-MAD-20-AB	416	8-Jul-19	2019	rGREEN-PINK	JUV	F	7	JULY	ACAGTCATAT	GTGYCAGCMGCCGCGGTAA	batch3	gestation	12	428.4
rGT252-VVAR-MAD-20-AB	252	23-Aug-18	2018	rSILVER	JUV	F	8	AUGUST	CAGAGCTAGT	GTGYCAGCMGCCGCGGTAA	batch3	gestation	11.26	96.4
rGT391-VVAR-MAD-20-AB	391	15-Jun-19	2019	rGREEN-TEAL	AD	M	6	JUNE	CGCTAATGTA	GTGYCAGCMGCCGCGGTAA	batch3	gestation	13.77	364.8
rGT81-VVAR-MAD-20-AB	81	28-Nov-18	2018	rGREEN-TEAL	AD	M	11	NOVEMBER	AGTATCGTAC	GTGYCAGCMGCCGCGGTAA	batch3	lactation	15.81	239.2
RO234-VVAR-MAD-20-AB	234	15-Aug-18	2018	rORANGE	JUV	M	8	AUGUST	CACAGTGATG	GTGYCAGCMGCCGCGGTAA	batch3	gestation	10.94	219.6
rO245-VVAR-MAD-20-AB	245	21-Aug-18	2018	rORANGE	JUV	M	8	AUGUST	TCGATGCGCT	GTGYCAGCMGCCGCGGTAA	batch3	gestation	11.35	137.6
rO254-VVAR-MAD-20-AB	254	24-Aug-18	2018	rORANGE	JUV	M	8	AUGUST	GCTACTAGCG	GTGYCAGCMGCCGCGGTAA	batch3	gestation	11.23	59.8
rO32-VVAR-MAD-20-AB	32	15-Oct-18	2018	rORANGE	JUV	M	10	OCTOBER	TGTCAGCTTA	GTGYCAGCMGCCGCGGTAA	batch3	lactation	13.1	130.4
rO333-VVAR-MAD-20-AB	333	10-May-19	2019	rORANGE	JUV	M	5	MAY	CTATACAGTG	GTGYCAGCMGCCGCGGTAA	batch3	nonbreeding	16.39	214
RO38-VVAR-MAD-20-AB	38	5-Oct-18	2018	rORANGE	JUV	M	10	OCTOBER	TACTAGGATC	GTGYCAGCMGCCGCGGTAA	batch3	lactation	12.16	68.8
rO395-VVAR-MAD-20-AB	395	18-Jun-19	2019	rORANGE	JUV	M	6	JUNE	GTTCGATTGT	GTGYCAGCMGCCGCGGTAA	batch3	gestation	13.26	416.6
Ro77-VVAR-MAD-20-AB	77	14-Nov-18	2018	rORANGE	JUV	M	11	NOVEMBER	CGGTGTGTGT	GTGYCAGCMGCCGCGGTAA	batch3	lactation	14.9	89.4
rO83-VVAR-MAD-20-AB	83	6-Dec-18	2018	rORANGE	JUV	M	12	DECEMBER	CAGGCTCAGT	GTGYCAGCMGCCGCGGTAA	batch3	lactation	16.26	301.6
rOG14-VVAR-MAD-20-AB	14	5-Oct-18	2018	rORANGE-GREEN	AD	F	10	OCTOBER	CGTTAGCGTA	GTGYCAGCMGCCGCGGTAA	batch3	lactation	12.16	68.8
ROG164-VVAR-MAD-20-AB	164	27-Feb-19	2019	rORANGE-GREEN	AD	F	2	FEBRUARY	AGAGATATCA	GTGYCAGCMGCCGCGGTAA	batch3	nonbreeding	17.68	499.4
rOG203-VVAR-MAD-20-AB	203	18-Apr-19	2019	rORANGE-GREEN	AD	F	4	APRIL	GTGACTCGTC	GTGYCAGCMGCCGCGGTAA	batch3	nonbreeding	17.45	229.8
rOG305-VVAR-MAD-20-AB	305	17-Sep-18	2018	rORANGE-GREEN	AD	F	9	SEPTEMBER	GACTGTACGT	GTGYCAGCMGCCGCGGTAA	batch3	gestation	11.55	84.4
rOG402-VVAR-MAD-20-AB	402	20-Jun-19	2019	rORANGE-GREEN	AD	F	6	JUNE	TGGTGCTGGA	GTGYCAGCMGCCGCGGTAA	batch3	gestation	13.03	454.8
rOG430-VVAR-MAD-20-AB	430	23-Jul-19	2019	rORANGE-GREEN	AD	F	7	JULY	ATCAGTGTAT	GTGYCAGCMGCCGCGGTAA	batch3	gestation	11.81	253
rOG454-VVAR-MAD-20-AB	454	2-Aug-19	2019	rORANGE-GREEN	AD	F	8	AUGUST	TGTGAATCTC	GTGYCAGCMGCCGCGGTAA	batch3	gestation	10.81	123.8
ROG60-VVAR-MAD-20-AB	60	13-Nov-18	2018	rORANGE-GREEN	AD	F	11	NOVEMBER	GTTGATGAGT	GTGYCAGCMGCCGCGGTAA	batch3	lactation	14.87	113.4
rOP209-VVAR-MAD-20-AB	209	13-Apr-19	2019	rPURPLE-ORANGE	AD	M	4	APRIL	GCTCTAACAT	GTGYCAGCMGCCGCGGTAA	batch3	nonbreeding	17.45	238.4
rOP21-VVAR-MAD-20-AB	21	19-Oct-18	2018	rORANGE-PINK	JUV	M	10	OCTOBER	CGACGCTGAT	GTGYCAGCMGCCGCGGTAA	batch3	lactation	13.29	132.6
rOP256-VVAR-MAD-20-AB	256	24-Aug-18	2018	rORANGE-PINK	JUV	M	8	AUGUST	GTCTGATACG	GTGYCAGCMGCCGCGGTAA	batch3	gestation	11.23	59.8
rOT10-VVAR-MAD-20-AB	10	12-Oct-18	2018	rORANGE-TEAL	AD	F	10	OCTOBER	GAACTATCAC	GTGYCAGCMGCCGCGGTAA	batch3	lactation	12.77	101.2
rOT133-VVAR-MAD-20-AB	133	9-Feb-19	2019	rORANGE-TEAL	AD	F	2	FEBRUARY	GGAACACAGG	GTGYCAGCMGCCGCGGTAA	batch3	nonbreeding	18.32	633.2
rOT313-VVAR-MAD-20-AB	313	3-May-19	2019	rORANGE-TEAL	AD	F	5	MAY	ACGTCAGTAT	GTGYCAGCMGCCGCGGTAA	batch3	nonbreeding	17	173
rOT370-VVAR-MAD-20-AB	370	31-May-19	2019	rORANGE-TEAL	AD	F	5	MAY	TATCGATGCT	GTGYCAGCMGCCGCGGTAA	batch3	nonbreeding	14.74	247.4
rOT392-VVAR-MAD-20-AB	392	15-Jun-19	2019	rORANGE-PINK	JUV	M	6	JUNE	GATACACTGA	GTGYCAGCMGCCGCGGTAA	batch3	gestation	13.77	364.8
ROT408-VVAR-MAD-20-AB	408	3-Jul-19	2019	rORANGE-TEAL	AD	F	7	JULY	ATGTCATGCT	GTGYCAGCMGCCGCGGTAA	batch3	gestation	12.39	599.8
ROT427-VVAR-MAD-20-AB	427	12-Jul-19	2019	rORANGE-TEAL	AD	F	7	JULY	AGCTCTGTGA	GTGYCAGCMGCCGCGGTAA	batch3	gestation	11.81	406
rOT452-VVAR-MAD-20-AB	452	1-Aug-19	2019	rORANGE-TEAL	AD	F	8	AUGUST	GCGCATTATG	GTGYCAGCMGCCGCGGTAA	batch3	gestation	10.84	114.2
rOT93-VVAR-MAD-20-AB	93	15-Dec-18	2018	rORANGE-TEAL	AD	F	12	DECEMBER	TGTTCGATAG	GTGYCAGCMGCCGCGGTAA	batch3	lactation	16.52	438.6
rP105-VVAR-MAD-20-AB	105	8-Dec-18	2018	rPURPLE	AD	M	12	DECEMBER	TACGTATAGC	GTGYCAGCMGCCGCGGTAA	batch3	lactation	16.26	294.4
rP110-VVAR-MAD-20-AB	110	19-Jan-19	2019	rPURPLE	AD	M	1	JANUARY	CTACGATCAG	GTGYCAGCMGCCGCGGTAA	batch3	nonbreeding	17.9	360
rP124-VVAR-MAD-20-AB	124	15-Jan-19	2019	rPURPLE	AD	M	1	JANUARY	TATCTCATGC	GTGYCAGCMGCCGCGGTAA	batch3	nonbreeding	17.74	338.8
rP129-VVAR-MAD-20-AB	129	11-Feb-19	2019	rPURPLE	AD	M	2	FEBRUARY	GGCATCATGC	GTGYCAGCMGCCGCGGTAA	batch3	nonbreeding	18.19	600.4
RP152-VVAR-MAD-20-AB	152	9-Feb-19	2019	rPURPLE	AD	M	2	FEBRUARY	ATCGCTACAT	GTGYCAGCMGCCGCGGTAA	batch3	nonbreeding	18.32	633.2
rP162-VVAR-MAD-20-AB	162	9-Mar-19	2019	rPURPLE	AD	M	3	MARCH	GACAGGTGAC	GTGYCAGCMGCCGCGGTAA	batch3	nonbreeding	17.71	412.8
rP223-VVAR-MAD-20-AB	223	10-Apr-19	2019	rPURPLE	AD	M	4	APRIL	GCACGTAGCT	GTGYCAGCMGCCGCGGTAA	batch3	nonbreeding	17.61	276.6
rp397-VVAR-MAD-20-AB	397	19-Jun-19	2019	rRED-PINK	JUV	M	6	JUNE	TTAGTGGTGA	GTGYCAGCMGCCGCGGTAA	batch3	gestation	13.1	450.8
RP405-VVAR-MAD-20-AB	405	2-Jul-19	2019	rPURPLE	AD	M	7	JULY	GATATATGTC	GTGYCAGCMGCCGCGGTAA	batch3	gestation	12.39	600
rP47-VVAR-MAD-20-AB	47	30-Oct-18	2018	rPURPLE	AD	M	10	OCTOBER	GTCGGTCTGA	GTGYCAGCMGCCGCGGTAA	batch3	lactation	14.16	160.6
rPO106-VVAR-MAD-20-AB	106	11-Dec-18	2018	rPURPLE-ORANGE	AD	M	12	DECEMBER	AGTGTGTCTA	GTGYCAGCMGCCGCGGTAA	batch3	lactation	16.26	293.4
rPO265-VVAR-MAD-20-AB	265	22-Sep-18	2018	rPURPLE-ORANGE	AD	M	9	SEPTEMBER	GGAGACTGTA	GTGYCAGCMGCCGCGGTAA	batch3	gestation	11.42	85.8
rPO338-VVAR-MAD-20-AB	338	11-May-19	2019	rPURPLE-ORANGE	AD	M	5	MAY	TGTGTCACTA	GTGYCAGCMGCCGCGGTAA	batch3	nonbreeding	16.32	251.6
rPO393-VVAR-MAD-20-AB	393	17-Jun-19	2019	rPURPLE-ORANGE	AD	M	6	JUNE	GGTAGAATGA	GTGYCAGCMGCCGCGGTAA	batch3	gestation	13.42	394.6
rPO3-VVAR-MAD-20-AB	3	10-Oct-18	2018	rPURPLE-ORANGE	AD	M	10	OCTOBER	TCGTGAATGA	GTGYCAGCMGCCGCGGTAA	batch3	lactation	12.65	78.6
rPpink205-VVAR-MAD-20-AB	205	17-Apr-19	2019	rPURPLE-PINK	JUV	M	4	APRIL	TACTGAGCTG	GTGYCAGCMGCCGCGGTAA	batch3	nonbreeding	17.42	229.8
Rppink72-VVAR-MAD-20-AB	72	6-Nov-18	2018	rPURPLE-PINK	JUV	M	11	NOVEMBER	GGAAGTAAGG	GTGYCAGCMGCCGCGGTAA	batch3	lactation	14.39	135.2
RPPK279-VVAR-MAD-20-AB	279	12-Sep-18	2018	rPURPLE-PINK	JUV	M	9	SEPTEMBER	ATTGTGGAGT	GTGYCAGCMGCCGCGGTAA	batch3	gestation	11.23	86.8
rPPK279-VVAR-MAD-20-AB	279	12-Sep-18	2018	rPURPLE-PINK	JUV	M	9	SEPTEMBER	CTATCGCGTG	GTGYCAGCMGCCGCGGTAA	batch3	gestation	11.23	86.8
rPPK2-VVAR-MAD-20-AB	2	4-Oct-18	2018	rPURPLE-PINK	JUV	M	10	OCTOBER	TGAGAAGGTA	GTGYCAGCMGCCGCGGTAA	batch3	lactation	12.13	68.8
rPPK385-VVAR-MAD-20-AB	385	13-Jun-19	2019	rPURPLE-PINK	JUV	M	6	JUNE	TCTTGTTCAC	GTGYCAGCMGCCGCGGTAA	batch3	gestation	14.06	362.6
RPPK73-VVAR-MAD-20-AB	73	31-Oct-18	2018	rRED-PINK	JUV	M	10	OCTOBER	CGCGACTTGT	GTGYCAGCMGCCGCGGTAA	batch3	lactation	14.03	161.4
rPPY337-VVAR-MAD-20-AB	337	11-May-19	2019	rPURPLE-PINK	JUV	M	5	MAY	TATCAGTCTG	GTGYCAGCMGCCGCGGTAA	batch3	nonbreeding	16.32	251.6
rPY103-VVAR-MAD-20-AB	103	8-Dec-18	2018	rPURPLE-YELLOW	JUV	F	12	DECEMBER	GGTCGTGCAT	GTGYCAGCMGCCGCGGTAA	batch3	lactation	16.26	294.4
rPY150-VVAR-MAD-20-AB	150	9-Feb-19	2019	rPURPLE-YELLOW	JUV	F	2	FEBRUARY	TAGGTGGAAT	GTGYCAGCMGCCGCGGTAA	batch3	nonbreeding	18.32	633.2
rPY155-VVAR-MAD-20-AB	155	6-Feb-19	2019	rBLUE-GREEN	AD	M	2	FEBRUARY	CGTCTTCTTA	GTGYCAGCMGCCGCGGTAA	batch3	nonbreeding	18.23	676.6
Rpy169-VVAR-MAD-20-AB	169	5-Mar-19	2019	rPURPLE-YELLOW	JUV	F	3	MARCH	CATCAACATG	GTGYCAGCMGCCGCGGTAA	batch3	nonbreeding	17.68	394.4
rPY183-VVAR-MAD-20-AB	183	25-Mar-19	2019	rBLUE-YELLOW	AD	F	3	MARCH	CATGATACGC	GTGYCAGCMGCCGCGGTAA	batch3	nonbreeding	17.48	462.4
rPY216-VVAR-MAD-20-AB	216	20-Apr-19	2019	rPURPLE-YELLOW	JUV	F	4	APRIL	AGACTATATC	GTGYCAGCMGCCGCGGTAA	batch3	nonbreeding	17.58	234
rPY260-VVAR-MAD-20-AB	260	26-Aug-18	2018	rPURPLE-YELLOW	JUV	F	8	AUGUST	CGATGACAGA	GTGYCAGCMGCCGCGGTAA	batch3	gestation	11.23	27
rPY293-VVAR-MAD-20-AB-1	293	11-Sep-18	2018	rPURPLE-YELLOW	JUV	F	9	SEPTEMBER	CTGCATGATC	GTGYCAGCMGCCGCGGTAA	batch3	gestation	11.19	72.2
rPY293-VVAR-MAD-20-AB-2	293	11-Sep-18	2018	rPURPLE-YELLOW	JUV	F	9	SEPTEMBER	TCGAACTGCA	GTGYCAGCMGCCGCGGTAA	batch3	gestation	11.19	72.2
rPY343-VVAR-MAD-20-AB	343	21-May-19	2019	rPURPLE-YELLOW	JUV	F	5	MAY	CTAAGTCATG	GTGYCAGCMGCCGCGGTAA	batch3	nonbreeding	15.55	207.6
rPY394-VVAR-MAD-20-AB	394	18-Jun-19	2019	rPURPLE-YELLOW	JUV	F	6	JUNE	GCGTCTGAAT	GTGYCAGCMGCCGCGGTAA	batch3	gestation	13.26	416.6
rPY442-VVAR-MAD-20-AB	442	29-Jul-19	2019	rPURPLE-ORANGE	AD	M	7	JULY	CAGCATCTAG	GTGYCAGCMGCCGCGGTAA	batch3	gestation	11.13	207.4
rR118-VVAR-MAD-20-AB	118	15-Jan-19	2019	rRED	JUV	F	1	JANUARY	GGTGTTAGTG	GTGYCAGCMGCCGCGGTAA	batch3	nonbreeding	17.74	338.8
rr224-VVAR-MAD-20-AB	224	20-Apr-19	2019	rRED	JUV	F	4	APRIL	TCGAGTAGCG	GTGYCAGCMGCCGCGGTAA	batch3	nonbreeding	17.58	234
rR318-VVAR-MAD-20-AB	318	4-May-19	2019	rRED	JUV	F	5	MAY	TCAGCGATAT	GTGYCAGCMGCCGCGGTAA	batch3	nonbreeding	16.87	174.2
rR389-VVAR-MAD-20-AB	389	14-Jun-19	2019	rRED	JUV	F	6	JUNE	CTCAATCGTA	GTGYCAGCMGCCGCGGTAA	batch3	gestation	13.94	364
rR42-VVAR-MAD-20-AB	42	18-Oct-18	2018	rRED	JUV	F	10	OCTOBER	GATCCTGAGC	GTGYCAGCMGCCGCGGTAA	batch3	lactation	13.23	132.6
RR443-VVAR-MAD-20-AB	443	29-Jul-19	2019	rRED	JUV	F	7	JULY	TCGATATCTA	GTGYCAGCMGCCGCGGTAA	batch3	gestation	11.13	207.4
rR458-VVAR-MAD-20-AB	458	3-Aug-19	2019	rRED	JUV	F	8	AUGUST	GGTGTCTTGT	GTGYCAGCMGCCGCGGTAA	batch3	gestation	10.9	123.8
rRP8-VVAR-MAD-20-AB	8	16-Oct-18	2018	rRED-PINK	JUV	M	10	OCTOBER	CTGGAGGCTA	GTGYCAGCMGCCGCGGTAA	batch3	lactation	13.13	132
rRPink175-VVAR-MAD-20-AB	175	27-Feb-19	2019	rPURPLE-PINK	JUV	M	2	FEBRUARY	GTCTAGCAGG	GTGYCAGCMGCCGCGGTAA	batch3	nonbreeding	17.68	499.4
rRPK160-VVAR-MAD-20-AB	160	1-Mar-19	2019	rRED-PINK	JUV	M	3	MARCH	ACCATGAGTC	GTGYCAGCMGCCGCGGTAA	batch3	nonbreeding	17.65	457
rRpK336-VVAR-MAD-20-AB	336	11-May-19	2019	rRED-PINK	JUV	M	5	MAY	TCACAGCATA	GTGYCAGCMGCCGCGGTAA	batch3	nonbreeding	16.32	251.6
RRPK412-VVAR-MAD-20-AB	412	5-Jul-19	2019	rRED-PINK	JUV	M	7	JULY	AGTAGATCAT	GTGYCAGCMGCCGCGGTAA	batch3	gestation	12.35	527.2
rRY108-VVAR-MAD-20-AB	108	25-Jan-19	2019	rRED-YELLOW	AD	M	1	JANUARY	GCACTAGACA	GTGYCAGCMGCCGCGGTAA	batch3	nonbreeding	18.32	597.6
rRY132-VVAR-MAD-20-AB	132	8-Feb-19	2019	rRED-YELLOW	AD	M	2	FEBRUARY	TCCTTGTTCT	GTGYCAGCMGCCGCGGTAA	batch3	nonbreeding	18.26	629.6
rRY22-VVAR-MAD-20-AB	22	2-Oct-18	2018	rPURPLE-YELLOW	JUV	F	10	OCTOBER	TGGATGACAT	GTGYCAGCMGCCGCGGTAA	batch3	lactation	11.94	38
rRY246-VVAR-MAD-20-AB	246	21-Aug-18	2018	rRED-YELLOW	AD	M	8	AUGUST	GACTCATGCT	GTGYCAGCMGCCGCGGTAA	batch3	gestation	11.35	137.6
rRY306-VVAR-MAD-20-AB-1	306	17-Sep-18	2018	rRED-YELLOW	AD	M	9	SEPTEMBER	TATGCGCTGC	GTGYCAGCMGCCGCGGTAA	batch3	gestation	11.55	84.4
rRY306-VVAR-MAD-20-AB-2	306	17-Sep-18	2018	rRED-YELLOW	AD	M	9	SEPTEMBER	CAGCTGAGTA	GTGYCAGCMGCCGCGGTAA	batch3	gestation	11.55	84.4
rRY315-VVAR-MAD-20-AB	315	3-May-19	2019	rRED-YELLOW	AD	M	5	MAY	CGCAGAGCAT	GTGYCAGCMGCCGCGGTAA	batch3	nonbreeding	17	173
rRY36-VVAR-MAD-20-AB	36	17-Oct-18	2018	rRED-YELLOW	AD	M	10	OCTOBER	CGATCCTATA	GTGYCAGCMGCCGCGGTAA	batch3	lactation	13.19	132.6
rRY415-VVAR-MAD-20-AB	415	6-Jul-19	2019	rRED-YELLOW	AD	M	7	JULY	ACATATACGT	GTGYCAGCMGCCGCGGTAA	batch3	gestation	12.19	466.8
rry89-VVAR-MAD-20-AB	89	7-Dec-18	2018	rRED-YELLOW	AD	M	12	DECEMBER	TCATATCGCG	GTGYCAGCMGCCGCGGTAA	batch3	lactation	16.26	299.4
rS11-VVAR-MAD-20-AB	11	11-Nov-18	2018	rSILVER	JUV	F	11	NOVEMBER	GATGAGGTAT	GTGYCAGCMGCCGCGGTAA	batch3	lactation	14.81	114.2
rS127-VVAR-MAD-20-AB	127	19-Jan-19	2019	rSILVER	JUV	F	1	JANUARY	CATGAGTGTA	GTGYCAGCMGCCGCGGTAA	batch3	nonbreeding	17.9	360
RS159-VVAR-MAD-20-AB	159	25-Feb-19	2019	rSILVER	JUV	F	2	FEBRUARY	TTGCACTCAG	GTGYCAGCMGCCGCGGTAA	batch3	nonbreeding	17.77	352
rS159-VVAR-MAD-20-AB	159	25-Feb-19	2019	rSILVER	JUV	F	2	FEBRUARY	CACGAAGAGC	GTGYCAGCMGCCGCGGTAA	batch3	nonbreeding	17.77	352
rS214-VVAR-MAD-20-AB	214	11-Apr-19	2019	rSILVER	JUV	F	4	APRIL	TAGTAGCGCG	GTGYCAGCMGCCGCGGTAA	batch3	nonbreeding	17.58	266.6
RS301-VVAR-MAD-20-AB	301	13-Sep-18	2018	rSILVER	JUV	F	9	SEPTEMBER	GACAGCAAGC	GTGYCAGCMGCCGCGGTAA	batch3	gestation	11.23	86.8
rS341-VVAR-MAD-20-AB	341	7-May-19	2019	rSILVER	JUV	F	5	MAY	GAAGCGCACT	GTGYCAGCMGCCGCGGTAA	batch3	nonbreeding	16.68	174
RS411-VVAR-MAD-20-AB	411	4-Jul-19	2019	rSILVER-PINK	AD	F	7	JULY	GCTGACAGAG	GTGYCAGCMGCCGCGGTAA	batch3	gestation	12.39	587.6
rS438-VVAR-MAD-20-AB	438	25-Jul-19	2019	rSILVER	JUV	F	7	JULY	CTACATACTA	GTGYCAGCMGCCGCGGTAA	batch3	gestation	11.55	216
rS51-VVAR-MAD-20-AB	51	1-Nov-18	2018	rSILVER	JUV	F	11	NOVEMBER	CTCAAGAAGC	GTGYCAGCMGCCGCGGTAA	batch3	lactation	14	165.6
rS80-VVAR-MAD-20-AB	80	5-Dec-18	2018	rSILVER	JUV	F	12	DECEMBER	CAGATGTCCT	GTGYCAGCMGCCGCGGTAA	batch3	lactation	16.26	286.8
rSG130-VVAR-MAD-20-AB	130	16-Feb-19	2019	rSILVER-GREEN	AD	M	2	FEBRUARY	GTAACGATGT	GTGYCAGCMGCCGCGGTAA	batch3	nonbreeding	18.03	526.8
rSG197-VVAR-MAD-20-AB	197	23-Mar-19	2019	rSILVER-GREEN	AD	M	3	MARCH	TCTCGGATAG	GTGYCAGCMGCCGCGGTAA	batch3	nonbreeding	17.45	434.6
rSG204-VVAR-MAD-20-AB	204	10-Apr-19	2019	rSILVER-GREEN	AD	M	4	APRIL	TTGTCGAGAC	GTGYCAGCMGCCGCGGTAA	batch3	nonbreeding	17.61	276.6
rSG359-VVAR-MAD-20-AB	359	28-May-19	2019	rSILVER-GREEN	AD	M	5	MAY	TCGAGGTACT	GTGYCAGCMGCCGCGGTAA	batch3	nonbreeding	15.1	228.4
rSG377-VVAR-MAD-20-AB	377	2-Jun-19	2019	rSILVER-GREEN	AD	M	6	JUNE	GGTTGGAGTT	GTGYCAGCMGCCGCGGTAA	batch3	gestation	14.58	217.4
RSG99-VVAR-MAD-20-AB	99	6-Dec-18	2018	rSILVER-GREEN	AD	M	12	DECEMBER	GCCACATATA	GTGYCAGCMGCCGCGGTAA	batch3	lactation	16.26	301.6
rSG9-VVAR-MAD-20-AB	9	19-Oct-18	2018	rSILVER-GREEN	AD	M	10	OCTOBER	TCGCTGAACA	GTGYCAGCMGCCGCGGTAA	batch3	lactation	13.29	132.6
rSP142-VVAR-MAD-20-AB	142	16-Feb-19	2019	rSILVER-PINK	AD	F	2	FEBRUARY	GCAGATAAGT	GTGYCAGCMGCCGCGGTAA	batch3	nonbreeding	18.03	526.8
rSP184-VVAR-MAD-20-AB	184	29-Mar-19	2019	rSILVER-PINK	AD	F	3	MARCH	TGGACTCAGA	GTGYCAGCMGCCGCGGTAA	batch3	nonbreeding	17.45	402.2
rSPK29-VVAR-MAD-20-AB	29	12-Oct-18	2018	rSILVER-PINK	AD	F	10	OCTOBER	GTAGCCAGTA	GTGYCAGCMGCCGCGGTAA	batch3	lactation	12.77	101.2
rSPK353-VVAR-MAD-20-AB	353	24-May-19	2019	rSILVER-PINK	AD	F	5	MAY	CTGCGAATGT	GTGYCAGCMGCCGCGGTAA	batch3	nonbreeding	15.42	212.2
rSPK451-VVAR-MAD-20-AB	451	1-Aug-19	2019	rSILVER-PINK	AD	F	8	AUGUST	CTAATCGTGT	GTGYCAGCMGCCGCGGTAA	batch3	gestation	10.84	114.2
rST115-VVAR-MAD-20-AB	115	17-Jan-19	2019	rSILVER-TEAL	AD	F	1	JANUARY	GTCTCAATGT	GTGYCAGCMGCCGCGGTAA	batch3	nonbreeding	17.81	367.4
rST126-VVAR-MAD-20-AB	126	21-Jan-19	2019	rSILVER-TEAL	AD	F	1	JANUARY	CTAGAGTATC	GTGYCAGCMGCCGCGGTAA	batch3	nonbreeding	18	412.6
rST210-VVAR-MAD-20-AB	210	9-Apr-19	2019	rSILVER-TEAL	AD	F	4	APRIL	TAGTCTGTCA	GTGYCAGCMGCCGCGGTAA	batch3	nonbreeding	17.61	286.8
RST226-VVAR-MAD-20-AB	226	18-Apr-19	2019	rSILVER-TEAL	AD	F	4	APRIL	ACTCAGTTAC	GTGYCAGCMGCCGCGGTAA	batch3	nonbreeding	17.45	229.8
rST367-VVAR-MAD-20-AB	367	30-May-19	2019	rSILVER-TEAL	AD	F	5	MAY	TTGCAGATCA	GTGYCAGCMGCCGCGGTAA	batch3	nonbreeding	14.84	256
rST378-VVAR-MAD-20-AB	378	11-Jun-19	2019	rSILVER-TEAL	AD	F	6	JUNE	CGTAATGAGC	GTGYCAGCMGCCGCGGTAA	batch3	gestation	14.26	300.6
rST43-VVAR-MAD-20-AB	43	16-Oct-18	2018	rSILVER-TEAL	AD	F	10	OCTOBER	GTGACGTACG	GTGYCAGCMGCCGCGGTAA	batch3	lactation	13.13	132
rST447-VVAR-MAD-20-AB	443	30-Jul-19	2019	rSILVER-TEAL	AD	F	7	JULY	AGTTGCTAGT	GTGYCAGCMGCCGCGGTAA	batch3	gestation	10.97	183.4
rSY113-VVAR-MAD-20-AB	113	17-Jan-19	2019	rSILVER-YELLOW	AD	F	1	JANUARY	CATTCTCTGA	GTGYCAGCMGCCGCGGTAA	batch3	nonbreeding	17.81	367.4
rSY125-VVAR-MAD-20-AB	125	21-Jan-19	2019	rSILVER-YELLOW	AD	F	1	JANUARY	TGTCTCTATC	GTGYCAGCMGCCGCGGTAA	batch3	nonbreeding	18	412.6
rSY157-VVAR-MAD-20-AB	157	11-Feb-19	2019	rSILVER-YELLOW	AD	F	2	FEBRUARY	TGTAGGTGGA	GTGYCAGCMGCCGCGGTAA	batch3	nonbreeding	18.19	600.4
rSY280-VVAR-MAD-20-AB	280	10-Sep-18	2018	rSILVER-YELLOW	AD	F	9	SEPTEMBER	GTCGGCTCTA	GTGYCAGCMGCCGCGGTAA	batch3	gestation	11.06	67.8
rSY334-VVAR-MAD-20-AB	334	10-May-19	2019	rSILVER-YELLOW	AD	F	5	MAY	CTAGATCTGA	GTGYCAGCMGCCGCGGTAA	batch3	nonbreeding	16.39	214
rSY366-VVAR-MAD-20-AB	366	30-May-19	2019	rSILVER-YELLOW	AD	F	5	MAY	TGATCAGTCA	GTGYCAGCMGCCGCGGTAA	batch3	nonbreeding	14.84	256
rSY400-VVAR-MAD-20-AB	400	20-Jun-19	2019	rSILVER-YELLOW	AD	F	6	JUNE	TCTGCCTATA	GTGYCAGCMGCCGCGGTAA	batch3	gestation	13.03	454.8
rSY423-VVAR-MAD-20-AB	423	10-Jul-19	2019	rSILVER-YELLOW	AD	F	7	JULY	AGCATCTATA	GTGYCAGCMGCCGCGGTAA	batch3	gestation	11.87	428.8
rSY44-VVAR-MAD-20-AB	44	5-Nov-18	2018	rSILVER-YELLOW	AD	F	11	NOVEMBER	GCATGCCAGT	GTGYCAGCMGCCGCGGTAA	batch3	lactation	14.29	132.8
rSY7-VVAR-MAD-20-AB	7	5-Oct-18	2018	rSILVER-YELLOW	AD	F	10	OCTOBER	CCATATGATC	GTGYCAGCMGCCGCGGTAA	batch3	lactation	12.16	68.8
Rt178-VVAR-MAD-20-AB	178	28-Feb-19	2019	rTEAL	AD	M	2	FEBRUARY	GTGTGGTTGT	GTGYCAGCMGCCGCGGTAA	batch3	nonbreeding	17.61	485.6
rT201-VVAR-MAD-20-AB	201	25-Mar-19	2019	rTEAL	AD	M	3	MARCH	ATATGGTGGA	GTGYCAGCMGCCGCGGTAA	batch3	nonbreeding	17.48	462.4
RT218-VVAR-MAD-20-AB	218	17-Apr-19	2019	rTEAL	AD	M	4	APRIL	AAGTGCGATG	GTGYCAGCMGCCGCGGTAA	batch3	nonbreeding	17.42	229.8
rT250-VVAR-MAD-20-AB	250	22-Aug-18	2018	rTEAL	AD	M	8	AUGUST	TGATAGAGAG	GTGYCAGCMGCCGCGGTAA	batch3	gestation	11.32	105.2
rT324-VVAR-MAD-20-AB-1	324	6-May-19	2019	rTEAL	AD	M	5	MAY	TGGTGTCCGT	GTGYCAGCMGCCGCGGTAA	batch3	nonbreeding	16.74	171.8
rT324-VVAR-MAD-20-AB-2	324	6-May-19	2019	rTEAL	AD	M	5	MAY	GCATAATCGC	GTGYCAGCMGCCGCGGTAA	batch3	nonbreeding	16.74	171.8
rT33-VVAR-MAD-20-AB	33	15-Oct-18	2018	rTEAL	AD	M	10	OCTOBER	TAACTCTGCT	GTGYCAGCMGCCGCGGTAA	batch3	lactation	13.1	130.4
rT404-VVAR-MAD-20-AB	404	22-Jun-19	2019	rTEAL	AD	M	6	JUNE	GCCATGTCAT	GTGYCAGCMGCCGCGGTAA	batch3	gestation	12.81	496.6
rT414-VVAR-MAD-20-AB	414	6-Jul-19	2019	rTEAL	AD	M	7	JULY	TGCGGCGATA	GTGYCAGCMGCCGCGGTAA	batch3	gestation	12.19	466.8
RY111-VVAR-MAD-20-AB	111	23-Jan-19	2019	rYELLOW	AD	F	1	JANUARY	ACTTCTTAGC	GTGYCAGCMGCCGCGGTAA	batch3	nonbreeding	18.16	573.6
RY141-VVAR-MAD-20-AB	141	13-Feb-19	2019	rYELLOW	AD	F	2	FEBRUARY	TCTGGTCTCA	GTGYCAGCMGCCGCGGTAA	batch3	nonbreeding	18.1	562.6
rY206-VVAR-MAD-20-AB	206	12-Apr-19	2019	rYELLOW	AD	F	4	APRIL	CGTACTACGT	GTGYCAGCMGCCGCGGTAA	batch3	nonbreeding	17.52	248.6
rY31-VVAR-MAD-20-AB	31	8-Oct-18	2018	rYELLOW	AD	F	10	OCTOBER	TTACACGTTC	GTGYCAGCMGCCGCGGTAA	batch3	lactation	12.42	68.8
rY323-VVAR-MAD-20-AB	323	6-May-19	2019	rYELLOW	AD	F	5	MAY	CGATCGACTG	GTGYCAGCMGCCGCGGTAA	batch3	nonbreeding	16.74	171.8
rY375-VVAR-MAD-20-AB	375	1-Jun-19	2019	rYELLOW	AD	F	6	JUNE	CGTCTATGAT	GTGYCAGCMGCCGCGGTAA	batch3	gestation	14.71	240.2
rY396-VVAR-MAD-20-AB	396	18-Jun-19	2019	rYELLOW	AD	F	6	JUNE	CAGGTCACAT	GTGYCAGCMGCCGCGGTAA	batch3	gestation	13.26	416.6
rY401-VVAR-MAD-20-AB	401	20-Jun-19	2019	rYELLOW-TEAL	JUV	F	6	JUNE	CTTAGTTCGC	GTGYCAGCMGCCGCGGTAA	batch3	gestation	13.03	454.8
RY420-VVAR-MAD-20-AB	420	9-Jul-19	2019	rYELLOW	AD	F	7	JULY	TAGTACTAGA	GTGYCAGCMGCCGCGGTAA	batch3	gestation	11.94	428.4
rY46-VVAR-MAD-20-AB	46	6-Nov-18	2018	rYELLOW	AD	F	11	NOVEMBER	CTTACGTTGC	GTGYCAGCMGCCGCGGTAA	batch3	lactation	14.39	135.2
rY91-VVAR-MAD-20-AB	91	10-Dec-18	2018	rYELLOW	AD	F	12	DECEMBER	GTGGAGAGCT	GTGYCAGCMGCCGCGGTAA	batch3	lactation	16.26	294.4
RYP135-VVAR-MAD-20-AB	135	7-Feb-19	2019	rYELLOW-PINK	AD	M	2	FEBRUARY	CATAGACGTG	GTGYCAGCMGCCGCGGTAA	batch3	nonbreeding	18.23	674.4
rYP310-VVAR-MAD-20-AB	310	20-Sep-18	2018	rYELLOW-PINK	AD	M	9	SEPTEMBER	GTGAGAGACA	GTGYCAGCMGCCGCGGTAA	batch3	gestation	11.42	84.4
rYPK163-VVAR-MAD-20-AB	163	4-Mar-19	2019	rYELLOW-PINK	AD	M	3	MARCH	AATGCAGTGT	GTGYCAGCMGCCGCGGTAA	batch3	nonbreeding	17.9	370.6
rYPK19-VVAR-MAD-20-AB	19	17-Oct-18	2018	rYELLOW-PINK	AD	M	10	OCTOBER	GAATAGCTGA	GTGYCAGCMGCCGCGGTAA	batch3	lactation	13.19	132.6
rYPK342-VVAR-MAD-20-AB	342	21-May-19	2019	rYELLOW-PINK	AD	M	5	MAY	TGCGGATGGT	GTGYCAGCMGCCGCGGTAA	batch3	nonbreeding	15.55	207.6
rYPK390-VVAR-MAD-20-AB	390	14-Jun-19	2019	rYELLOW-PINK	AD	M	6	JUNE	TTGCTTAGTC	GTGYCAGCMGCCGCGGTAA	batch3	gestation	13.94	364
RYT154-VVAR-MAD-20-AB	154	5-Feb-19	2019	rYELLOW-TEAL	JUV	F	2	FEBRUARY	CCACAGAGTG	GTGYCAGCMGCCGCGGTAA	batch3	nonbreeding	18.26	708.8
RYT219-VVAR-MAD-20-AB	219	15-Apr-19	2019	rYELLOW-TEAL	JUV	F	4	APRIL	AAGCGTAGAA	GTGYCAGCMGCCGCGGTAA	batch3	nonbreeding	17.35	235.8
rYT219-VVAR-MAD-20-AB	219	15-Apr-19	2019	rYELLOW-TEAL	JUV	F	4	APRIL	GACGTCTGCT	GTGYCAGCMGCCGCGGTAA	batch3	nonbreeding	17.35	235.8
rYT262-VVAR-MAD-20-AB	262	27-Aug-18	2018	rYELLOW-TEAL	JUV	F	8	AUGUST	CGAGCTAGCA	GTGYCAGCMGCCGCGGTAA	batch3	gestation	11.19	18
rYT339-VVAR-MAD-20-AB	339	12-May-19	2019	rYELLOW-TEAL	JUV	F	5	MAY	TATGTACGTG	GTGYCAGCMGCCGCGGTAA	batch3	nonbreeding	16.29	252.2
rYT439-VVAR-MAD-20-AB-1	439	26-Jul-19	2019	rYELLOW-TEAL	JUV	F	7	JULY	AGTGTACTCA	GTGYCAGCMGCCGCGGTAA	batch3	gestation	11.48	214.6
rYT439-VVAR-MAD-20-AB-2	439	26-Jul-19	2019	rYELLOW-TEAL	JUV	F	7	JULY	ATGTATAGTC	GTGYCAGCMGCCGCGGTAA	batch3	gestation	11.48	214.6
rYT459-VVAR-MAD-20-AB	459	3-Aug-19	2019	rYELLOW-TEAL	JUV	F	8	AUGUST	CTCTTAGTTC	GTGYCAGCMGCCGCGGTAA	batch3	gestation	10.9	123.8
rYT58-VVAR-MAD-20-AB	58	1-Nov-18	2018	rYELLOW-TEAL	JUV	F	11	NOVEMBER	GTGAAGGTAA	GTGYCAGCMGCCGCGGTAA	batch3	lactation	14	165.6
rYT6-VVAR-MAD-20-AB	6	8-Oct-18	2018	rYELLOW-TEAL	JUV	F	10	OCTOBER	GTAGAAGTGG	GTGYCAGCMGCCGCGGTAA	batch3	lactation	12.42	68.8
rYT75-VVAR-MAD-20-AB	75	30-Oct-18	2018	rYELLOW-TEAL	JUV	F	10	OCTOBER	GAAGGAGATA	GTGYCAGCMGCCGCGGTAA	batch3	lactation	14.16	160.6
rYT97-VVAR-MAD-20-AB	97	15-Dec-18	2018	rYELLOW-TEAL	JUV	F	12	DECEMBER	TTACGCAGTG	GTGYCAGCMGCCGCGGTAA	batch3	lactation	16.52	438.6
RYY147-VVAR-MAD-20-AB	147	7-Feb-19	2019	rYELLOW-YELLOW	AD	M	2	FEBRUARY	ATCTAGATCA	GTGYCAGCMGCCGCGGTAA	batch3	nonbreeding	18.23	674.4
rYY207-VVAR-MAD-20-AB	207	19-Apr-19	2019	rYELLOW-YELLOW	AD	M	4	APRIL	GAGATCAGTC	GTGYCAGCMGCCGCGGTAA	batch3	nonbreeding	17.55	234.8
rYY329-VVAR-MAD-20-AB	329	7-May-19	2019	rYELLOW-YELLOW	AD	M	5	MAY	CACATTAGCG	GTGYCAGCMGCCGCGGTAA	batch3	nonbreeding	16.68	174
rYY398-VVAR-MAD-20-AB	398	19-Jun-19	2019	rYELLOW-YELLOW	AD	M	6	JUNE	TTCTCATCGT	GTGYCAGCMGCCGCGGTAA	batch3	gestation	13.1	450.8
rYY40-VVAR-MAD-20-AB	40	5-Oct-18	2018	rYELLOW-YELLOW	AD	M	10	OCTOBER	GCGTTATTGC	GTGYCAGCMGCCGCGGTAA	batch3	lactation	12.16	68.8
rYY450-VVAR-MAD-20-AB	450	1-Aug-19	2019	rYELLOW-YELLOW	AD	M	8	AUGUST	GTCCAGACAT	GTGYCAGCMGCCGCGGTAA	batch3	gestation	10.84	114.2
rYY98-VVAR-MAD-20-AB	98	10-Dec-18	2018	rYELLOW-YELLOW	AD	M	12	DECEMBER	TGTTACGATC	GTGYCAGCMGCCGCGGTAA	batch3	lactation	16.26	294.4
TG1-VVAR-MAD-20-AB	1	15-Oct-18	2018	rBLUE-PINK	AD	F	10	OCTOBER	GTATCGTCGT	GTGYCAGCMGCCGCGGTAA	batch3	lactation	13.1	130.4
VVAR-MADA-18-AB-10	10	26-Feb-18	2018	rSILVER-PINK	AD	F	2	FEBRUARY	CAGGCTCAGT	GTGYCAGCMGCCGCGGTAA	batch2	nonbreeding	17.74	574.4
VVAR-MADA-18-AB-12	12	24-Feb-18	2018	rBLUE-PINK	AD	F	2	FEBRUARY	TAGCTTCACT	GTGYCAGCMGCCGCGGTAA	batch2	nonbreeding	17.71	586.2
VVAR-MADA-18-AB-126	126	31-Mar-18	2018	rORANGE	JUV	M	3	MARCH	ACGCAGGAGT	GTGYCAGCMGCCGCGGTAA	batch2	nonbreeding	17.81	531
VVAR-MADA-18-AB-14	14	28-Feb-18	2018	rPURPLE-ORANGE	AD	M	2	FEBRUARY	CAGATGTCCT	GTGYCAGCMGCCGCGGTAA	batch2	nonbreeding	17.87	562.6
VVAR-MADA-18-AB-152	152	2-May-18	2018	rRED-YELLOW	AD	M	5	MAY	AATATGCTGC	GTGYCAGCMGCCGCGGTAA	batch2	nonbreeding	16.19	456.2
VVAR-MADA-18-AB-154	154	9-May-18	2018	rSILVER-PINK	AD	F	5	MAY	AAGCGTAGAA	GTGYCAGCMGCCGCGGTAA	batch2	nonbreeding	15.58	298.8
VVAR-MADA-18-AB-157	157	1-May-18	2018	rBLUE-PINK	AD	F	5	MAY	GACAGCAAGC	GTGYCAGCMGCCGCGGTAA	batch2	nonbreeding	16.26	457.2
VVAR-MADA-18-AB-159	159	9-May-18	2018	rGREEN-PINK	JUV	F	5	MAY	CTGACCGAGA	GTGYCAGCMGCCGCGGTAA	batch2	nonbreeding	15.58	298.8
VVAR-MADA-18-AB-160	160	12-May-18	2018	rYELLOW	AD	F	5	MAY	CGCGACTTGT	GTGYCAGCMGCCGCGGTAA	batch2	nonbreeding	15.55	200.4
VVAR-MADA-18-AB-162	162	15-May-18	2018	rORANGE	JUV	M	5	MAY	CATCAACATG	GTGYCAGCMGCCGCGGTAA	batch2	nonbreeding	15.58	184.8
VVAR-MADA-18-AB-164	164	12-May-18	2018	rPURPLE	AD	M	5	MAY	TGGCTACGCT	GTGYCAGCMGCCGCGGTAA	batch2	nonbreeding	15.55	200.4
VVAR-MADA-18-AB-171	171	4-May-18	2018	rRED	JUV	F	5	MAY	AGAGGTCGGA	GTGYCAGCMGCCGCGGTAA	batch2	nonbreeding	16.1	489.4
VVAR-MADA-18-AB-175	175	7-May-18	2018	BLUE-BLUE	AD	M	5	MAY	AATCGAGCGT	GTGYCAGCMGCCGCGGTAA	batch2	nonbreeding	15.94	416.2
VVAR-MADA-18-AB-176	176	17-May-18	2018	rPURPLE-YELLOW	JUV	F	5	MAY	AAGTACACTC	GTGYCAGCMGCCGCGGTAA	batch2	nonbreeding	15.45	141.8
VVAR-MADA-18-AB-178	178	11-May-18	2018	rGREEN	JUV	F	5	MAY	AGCTGAATGA	GTGYCAGCMGCCGCGGTAA	batch2	nonbreeding	15.48	236
VVAR-MADA-18-AB-180	180	10-May-18	2018	rYELLOW-YELLOW	AD	M	5	MAY	ATGCCTATCA	GTGYCAGCMGCCGCGGTAA	batch2	nonbreeding	15.52	249.8
VVAR-MADA-18-AB-187	187	14-May-18	2018	rSILVER	JUV	F	5	MAY	TTACACGTTC	GTGYCAGCMGCCGCGGTAA	batch2	nonbreeding	15.58	203.8
VVAR-MADA-18-AB-19	19	26-Feb-18	2018	rBLUE	AD	F	2	FEBRUARY	TTACGCAGTG	GTGYCAGCMGCCGCGGTAA	batch2	nonbreeding	17.74	574.4
VVAR-MADA-18-AB-192	192	27-Mar-18	2018	NO_COLLAR	UNK	UNK	3	MARCH	TAACTCTGCT	GTGYCAGCMGCCGCGGTAA	batch2	nonbreeding	18.03	516
VVAR-MADA-18-AB-203	203	6-Jun-18	2018	rBLUE-PINK	AD	F	6	JUNE	GTGTGGTTGT	GTGYCAGCMGCCGCGGTAA	batch2	gestation	14.23	98.4
VVAR-MADA-18-AB-207	207	8-Jun-18	2018	rYELLOW	AD	F	6	JUNE	TAGGTGGAAT	GTGYCAGCMGCCGCGGTAA	batch2	gestation	13.9	95.2
VVAR-MADA-18-AB-209	209	4-Jun-18	2018	rYELLOW-YELLOW	AD	M	6	JUNE	TGTAGGTGGA	GTGYCAGCMGCCGCGGTAA	batch2	gestation	14.42	91.8
VVAR-MADA-18-AB-213	213	2-Jun-18	2018	rRED	JUV	F	6	JUNE	TTAGTGGTGA	GTGYCAGCMGCCGCGGTAA	batch2	gestation	14.52	126.8
VVAR-MADA-18-AB-215	215	9-Jun-18	2018	rPURPLE	AD	M	6	JUNE	GTGAAGGTAA	GTGYCAGCMGCCGCGGTAA	batch2	gestation	13.71	92.8
VVAR-MADA-18-AB-218	218	4-Jun-18	2018	rGREEN-PINK	JUV	F	6	JUNE	TGTTGTGGTA	GTGYCAGCMGCCGCGGTAA	batch2	gestation	14.42	91.8
VVAR-MADA-18-AB-219	219	16-Jun-18	2018	rBLUE	AD	F	6	JUNE	TCGAATGTGC	GTGYCAGCMGCCGCGGTAA	batch2	gestation	13.13	144.4
VVAR-MADA-18-AB-22	22	24-Feb-18	2018	BLUE-BLUE	AD	M	2	FEBRUARY	TTCGTTCCTG	GTGYCAGCMGCCGCGGTAA	batch2	nonbreeding	17.71	586.2
VVAR-MADA-18-AB-221	221	4-Jun-18	2018	rPURPLE-ORANGE	AD	M	6	JUNE	TCGCTGAACA	GTGYCAGCMGCCGCGGTAA	batch2	gestation	14.42	91.8
VVAR-MADA-18-AB-223	223	2-Jun-18	2018	rRED-YELLOW	AD	M	6	JUNE	TTCGAGCTAT	GTGYCAGCMGCCGCGGTAA	batch2	gestation	14.52	126.8
VVAR-MADA-18-AB-224	224	15-Jun-18	2018	rPURPLE-YELLOW	JUV	F	6	JUNE	TGTTACGATC	GTGYCAGCMGCCGCGGTAA	batch2	gestation	13.13	133.6
VVAR-MADA-18-AB-228	228	13-Jun-18	2018	rORANGE	JUV	M	6	JUNE	GTCTTGGCTC	GTGYCAGCMGCCGCGGTAA	batch2	gestation	13.16	97.6
VVAR-MADA-18-AB-23	23	28-Feb-18	2018	BLUE-RED	AD	F	2	FEBRUARY	ATAGCCGTGT	GTGYCAGCMGCCGCGGTAA	batch2	nonbreeding	17.87	562.6
VVAR-MADA-18-AB-231	231	5-Jun-18	2018	rSILVER-PINK	AD	F	6	JUNE	GGTCGTGCAT	GTGYCAGCMGCCGCGGTAA	batch2	gestation	14.32	97.8
VVAR-MADA-18-AB-24	24	27-Feb-18	2018	rYELLOW-YELLOW	AD	M	2	FEBRUARY	TCACGACGAA	GTGYCAGCMGCCGCGGTAA	batch2	nonbreeding	17.84	573.8
VVAR-MADA-18-AB-29	29	24-Feb-18	2018	rPURPLE-YELLOW	JUV	F	2	FEBRUARY	ATCTGTCCAT	GTGYCAGCMGCCGCGGTAA	batch2	nonbreeding	17.71	586.2
VVAR-MADA-18-AB-295	295	25-Jan-18	2018	rYELLOW-YELLOW	AD	M	1	JANUARY	TTGTTGCTGT	GTGYCAGCMGCCGCGGTAA	batch2	nonbreeding	17.23	1148.6
VVAR-MADA-18-AB-30	30	22-Feb-18	2018	rRED	JUV	F	2	FEBRUARY	ACTTAGAGAG	GTGYCAGCMGCCGCGGTAA	batch2	nonbreeding	17.71	662
VVAR-MADA-18-AB-32	32	23-Feb-18	2018	rGREEN-PINK	JUV	F	2	FEBRUARY	AGTGGCAGGT	GTGYCAGCMGCCGCGGTAA	batch2	nonbreeding	17.68	597
VVAR-MADA-18-AB-39	39	3-Mar-18	2018	rPURPLE	AD	M	3	MARCH	GCCACATATA	GTGYCAGCMGCCGCGGTAA	batch2	nonbreeding	18	581.4
VVAR-MADA-18-NM-41	249	2-Jul-18	2018	rYELLOW	AD	F	7	JULY	GTAGAAGTGG	GTGYCAGCMGCCGCGGTAA	batch2	gestation	12.45	110.4
VVAR-MADA-18-NM-43	245	3-Jul-18	2018	rPURPLE-ORANGE	AD	M	7	JULY	TGGAGCATGT	GTGYCAGCMGCCGCGGTAA	batch2	gestation	12.42	110.4
VVAR-MADA-18-NM-44	239	4-Jul-18	2018	rSILVER-PINK	AD	F	7	JULY	GAAGGAGATA	GTGYCAGCMGCCGCGGTAA	batch2	gestation	12.39	110
VVAR-MADA-18-NM-45	242	4-Jul-18	2018	rORANGE	JUV	M	7	JULY	CGAATGTATG	GTGYCAGCMGCCGCGGTAA	batch2	gestation	12.39	110
VVAR-MADA-18-NM-46	244	5-Jul-18	2018	BLUE-BLUE	AD	M	7	JULY	TCGTGAATGA	GTGYCAGCMGCCGCGGTAA	batch2	gestation	12.32	114.2
VVAR-MADA-18-NM-47	248	7-Jul-18	2018	rPURPLE	AD	M	7	JULY	GAATAGCTGA	GTGYCAGCMGCCGCGGTAA	batch2	gestation	12.32	119.8
VVAR-MADA-18-NM-48	247	9-Jul-18	2018	rBLUE	AD	F	7	JULY	TTGTCACATC	GTGYCAGCMGCCGCGGTAA	batch2	gestation	12.48	137
VVAR-MADA-18-NM-49	246	10-Jul-18	2018	rBLUE-YELLOW	AD	F	7	JULY	CTGGAGGCTA	GTGYCAGCMGCCGCGGTAA	batch2	gestation	12.52	161
VVAR-MADA-18-NM-50	250	12-Jul-18	2018	rGREEN	JUV	F	7	JULY	TGTCAGCTTA	GTGYCAGCMGCCGCGGTAA	batch2	gestation	12.65	186.8
VVAR-MADA-18-NM-51	240	7-Jul-18	2018	rBLUE-PINK	AD	F	7	JULY	GTTCTTCGTA	GTGYCAGCMGCCGCGGTAA	batch2	gestation	12.32	119.8
VVAR-MADA-18-NM-52	255	21-Jul-18	2018	rRED-YELLOW	AD	M	7	JULY	GTAGCCAGTA	GTGYCAGCMGCCGCGGTAA	batch2	gestation	11.74	272.4
VVAR-MADA-18-NM-53	259	3-Aug-18	2018	rRED	JUV	F	8	AUGUST	TGAGAAGGTA	GTGYCAGCMGCCGCGGTAA	batch2	gestation	11.52	363.6
VVAR-MADA-18-NM-54	267	31-Jul-18	2018	rPURPLE-YELLOW	JUV	F	7	JULY	CCATATGATC	GTGYCAGCMGCCGCGGTAA	batch2	gestation	11.48	365.2
VVAR-MADA-18-NM-55	263	27-Jul-18	2018	rSILVER	JUV	F	7	JULY	CGATCCTATA	GTGYCAGCMGCCGCGGTAA	batch2	gestation	11.55	384.8
VVAR-MADA-18-NM-56	270	15-Aug-18	2018	BLACK-BLUE	JUV	M	8	AUGUST	TGACTAGCTT	GTGYCAGCMGCCGCGGTAA	batch2	gestation	10.94	219.6
VVAR-MADA-18-NM-57	271	16-Aug-18	2018	rBLUE-ORANGE	AD	M	8	AUGUST	GCGTTATTGC	GTGYCAGCMGCCGCGGTAA	batch2	gestation	10.97	215.6
VVAR-MADA-18-NM-58	272	17-Aug-18	2018	rSILVER-YELLOW	AD	F	8	AUGUST	GAACTATCAC	GTGYCAGCMGCCGCGGTAA	batch2	gestation	10.97	215.6
VVAR-MADA-18-NM-59	273	12-Aug-18	2018	RED-ORANGE	JUV	M	8	AUGUST	TCGAGGTACT	GTGYCAGCMGCCGCGGTAA	batch2	gestation	10.87	281.2
VVAR-MADA-18-NM-60	274	16-Aug-18	2018	rYELLOW-PINK	AD	M	8	AUGUST	TGCGGATGGT	GTGYCAGCMGCCGCGGTAA	batch2	gestation	10.97	215.6
VVAR-MADA-18-NM-61	253	31-Jul-18	2018	rPURPLE	AD	M	7	JULY	GGTCTGGTGT	GTGYCAGCMGCCGCGGTAA	batch2	gestation	11.48	365.2
VVAR-MADA-18-NM-62	254	2-Aug-18	2018	rORANGE-PINK	JUV	M	8	AUGUST	CTAAGTCATG	GTGYCAGCMGCCGCGGTAA	batch2	gestation	11.55	363.2
VVAR-MADA-18-NM-63	256	28-Jul-18	2018	rBLUE-YELLOW	AD	F	7	JULY	TTGCAGATCA	GTGYCAGCMGCCGCGGTAA	batch2	gestation	11.48	384
VVAR-MADA-18-NM-64	258	30-Jul-18	2018	rORANGE	JUV	M	7	JULY	CTGCGAATGT	GTGYCAGCMGCCGCGGTAA	batch2	gestation	11.45	365.2
VVAR-MADA-18-NM-65	260	27-Jul-18	2018	rBLUE	AD	F	7	JULY	CTGTTCTAGC	GTGYCAGCMGCCGCGGTAA	batch2	gestation	11.55	384.8
VVAR-MADA-18-NM-66	261	23-Jul-18	2018	rYELLOW	AD	F	7	JULY	CACTTGTGTG	GTGYCAGCMGCCGCGGTAA	batch2	gestation	11.65	313.8
VVAR-MADA-18-NM-67	264	26-Jul-18	2018	rBLUE-PINK	AD	F	7	JULY	TGGATGACAT	GTGYCAGCMGCCGCGGTAA	batch2	gestation	11.61	376.8
VVAR-MADA-18-NM-69	252	30-Jun-18	2018	rRED	JUV	F	6	JUNE	GATCCTGAGC	GTGYCAGCMGCCGCGGTAA	batch2	gestation	12.58	113.4